BEASLEY,
LENZ,
SPANISH SPRINGS,
JUNIPER,
TOWLES,
INCLINE,
HUNTER LAKE,
HUNSBERGER,
DONNER SPRINGS,
SILVER LAKE,
NATCHEZ,
MITCHELL,
VAN GORDER,
MELTON,
HALL,
PEAVINE,
TAYLOR,
DODSON,
SEPULVEDA,
BOOTH,
SMITH A,
ELMCREST,
WARNER,
DESERT HEIGHTS,
WESTERGARD,
SMITHRIDGE,
GOMES,
GOMM,
HIDDEN VALLEY,
DOUBLE DIAMOND,
BROWN,
LEMMON VALLEY,
DIEDRICHSEN,
SUN VALLEY,
BECK,
DUNN,
WHITEHEAD,
PALMER,
MOSS,
HUFFAKER,
DRAKE,
CAUGHLIN RANCH,
STEAD,
MAXWELL,
PLEASANT VALLEY,
VERDI,
CORBETT,
BENNETT,
LODER,
WINNEMUCCA,
SIERRA VISTA,
JOHNSON,
MATHEWS,
MOUNT ROSE,
GREENBRAE,
VETERANS,
LINCOLN PARK,
DUNCAN,
CANNAN,
ANDERSON,
SMITH K,
ALLEN,
RISELY