VISTA RIDGE 2C,
CASAZZA RANCH ESTATES PHASE 1,
PIONEER VILLAGE 1 UNIT 2,
PIONEER VILLAGE 1 UNIT 1,
VISTA DEL ORO 6,
VISTA DEL ORO 5B,
VISTA DEL ORO 6B,
SIERRA HEIGHTS 3A,
LAKEVIEW,
GALENA FOREST ESTATES 1,
DONNER SPRINGS 3A,
SILVER KNOLLS RANCHOS 6A,
FAIRWAY ESTATES 2,
NEWTOWN TRACT,
WINGFIELD SPRINGS 13C,
SILVERADO RANCH ESTATES 2 PHASE 1,
NORTH SPRINGS ESTATES CIMARRON WEST PHASE 3,
UNIVERSITY HEIGHTS PHASE 1,
UNIVERSITY HEIGHTS 2 PHASE 4,
UNIVERSITY HEIGHTS 2 PHASE 3,
THE PINNACLES PHASE 2,
MESA MEADOWS 5,
AITKEN ADDITION,
DOUBLE DIAMOND RANCH VILLAGE 17B,
MEDALLION ESTATES 1,
HMH RANCHO ESTATES 1,
WASHOE VISTA,
SIERRA HEIGHTS 2,
SILVER STATE CONDOMINIUMS,
WINGFIELD SPRINGS 21B,
GRANITE HILLS 1,
WINGFIELD SPRINGS 21A,
NORTHGATE 4B,
PONDEROSA 5,
INCLINE VILLAGE 4,
SMITHRIDGE PARK 1,
SMITHRIDGE PARK 2,
REWANA 3,
WOODLAND VILLAGE PHASE 6,
INCLINE MANOR,
WOODSTOCK,
WOODSTOCK 2,
RIVER MOUNT PARK,
VIRGINIA FOOTHILLS 6,
VALLEY VILLAGE 1 & 2,
BRIDLE PATH HOMES 3,
WILKINSON 2,
WILKINSON 3,
CIMARRON 13,
SIERRA VIEW,
TRUCKEE PARK 1,
CIMARRON 12 PHASE 2,
CANYON HILLS PHASE 1D,
WILLOW CREEK STATION 7A-1,
EAGLE CANYON 3 UNIT 2,
EAGLE CANYON 3,
EAGLE CANYON 3 UNIT 3,
EAGLE CANYON 2 UNIT 2,
EAGLE CANYON 2 UNIT 1,
BRUCE 2,
SHARON,
HIDDEN MEADOWS 2,
HIDDEN MEADOWS 4B,
HIDDEN MEADOWS 5A,
CHUKAR RUN,
SCOTCHWOOD,
COUNTRY CLUB INCLINE,
WEDGE MEADOWS 2,
SPANISH SPRINGS,
EASTLAND HILLS 5,
SILVER KNOLLS RANCH ESTATES 7,
STONE CREEK PHASE 8,
SUNNYSIDE ADDITION,
AMPHITHEATER 5,
AMPHITHEATER 3,
AMPHITHEATER 4,
KEYSTONE ESTATES,
EVANS PARK 8,
LEWIS HOMES SPARKS 12D,
LAKE HAVEN 1,
NORTHWOOD 1,
WOODLAND VILLAGE PHASE 7,
DONNER SPRINGS,
CRYSTAL BAY PARK 2,
RENADA CREST 1,
SAGE POINT 1,
SIERRA ESTATES 1A,
OWEN,
WINGFIELD SPRINGS 10B,
MANZANITA ESTATES,
GEMSTONE,
COLD SPRINGS 6,
THE FOOTHILLS AT WINGFIELD VILLAGE 15B,
THE FOOTHILLS AT WINGFIELD VILLAGE 15A,
PANGI RANCH 3,
PANGI RANCH 4,
HUFFAKER VILLAGE 2,
HUFFAKER VILLAGE 3,
SILVER SHORES 12,
MAYBERRY RANCH ESTATES 1,
INCLINE VILLAGE 1B,
SILVER SHORES 16,
SILVER SHORES 21,
SILVER SHORES 14,
CASTLE RIDGE 1,
CASTLE RIDGE 5,
CASTLE RIDGE 4,
CASTLE RIDGE 6,
CASTLE RIDGE 2,
SAGECREST ESTATES,
SUNRAY,
SUNBURST,
RANCHO SAN RAFAEL TOWNHOMES,
PEAVINE ESTATE,
HAZELCREST 4,
SKY VISTA VILLAGE 4,
MEADOWVALE 8A,
INCLINE VILLAGE 3,
TRUCKEE RIVER HIGHLANDS,
SKY VISTA VILLAGE 3,
OVERLOOK 3,
OVERLOOK 1,
OVERLOOK 2,
THE FOOTHILLS AT WINGFIELD VILLAGE 13A,
SPANISH SPRINGS VILLAGE 6,
SIERRA HEIGHTS 1A,
SIERRA HEIGHTS 1C,
SIERRA HEIGHTS 1B,
ST JAMES`S VILLAGE 1C,
BRITTON 2,
INCLINE VILLAGE 5,
NORTHGATE 8B,
CIMARRON 2,
CIMARRON 7,
PEEK PARCEL 1,
PEEK PARCEL UNIT 1 PHASE 4,
PEAK PARCEL 1 PHASE 2,
PEEK PARCEL UNIT 1 PHASE 3,
VILLAGES AT DAMONTE RANCH 17A,
S & S ESTATES,
PARKWAY MOBILE HOME ESTATES,
SIERRA MEADOWS,
SIERRA MEADOWS ANNEX,
SPANISH SPRINGS VILLAGE NORTH 1,
EAGLE CANYON 1,
COLD SPRINGS RANCH 7,
WOODLAND VILLAGE PHASE 1,
WOODLAND VILLAGE PHASE 11,
SPRING MEADOWS ADDITION,
STARLIGHT VILLAGE,
NORTHGATE 15A,
H TWO O,
RENO HIGHLAND 2 UNIT 1,
RENO HIGHLAND 3,
ARROWCREEK 26,
DOUBLE DIAMOND RANCH VILLAGE 8A,
WESTFIELD VILLAGE,
NORTHGATE 7D,
NORTHGATE 5D,
NORTHGATE 5B,
MONTREUX 2 SOUTH,
MONTREUX 3 SOUTH,
BELLI RANCH ESTATES,
LAKERIDGE SPRINGS 3,
LAKERIDGE SPRINGS 1,
VIA BIANCA MOBILE HOME ESTATES PHASE 2,
VIA BIANCA MOBILE HOME ESTATES,
TYROLIAN VILLAGE 7,
ALLEN GLEN,
RIVER RUN 2,
CURTI RANCH 2 UNIT 6,
SIERRA HIGHLANDS 4D,
SIERRA HIGHLANDS 4E,
SIERRA HIGHLANDS 4 PHASE 1C,
WOODLAND VILLAGE PHASE 5,
EVANS VISTA,
CAMPUS HEIGHTS,
AMBROSE 1,
ARROWCREEK 1,
NORTHERN LIGHTS 1,
NORTHGATE 2B,
NORTHGATE 2D,
NORTHGATE 2E,
NORTHGATE 4A,
NORTHGATE 2C,
NORTHGATE 1B,
NORTHGATE 2A,
PLEASANT VALLEY ESTATES,
ARROWCREEK 31,
THE CREST AT STONEFIELD PHASE 1 UNIT 1,
HILLSIDE CEMETERY,
MILLER ADDITION,
UNIVERSITY ADDITION,
LAKE PARK HEIGHTS,
FIRENZE @ D`ANDREA PHASE 1,
SOUTHWEST VISTAS 6,
PINE TREE RANCH 5,
THE FOOTHILLS AT WINGFIELD VILLAGE 13B,
PEBBLE CREEK 1,
PEBBLE CREEK 3,
PEBBLE CREEK 4,
JUNIPER TERRACE MOBILE HOME ESTATES 5,
DESERT HIGHLANDS 4D,
BROOKSIDE INCLINE 1,
DONNER SPRINGS 2C-3,
STONEFIELD PHASE 3,
AUTUMNWOOD,
DOUBLE DIAMOND RANCH VILLAGE 23,
WILLOWBROOK 2,
SKY VISTA VILLAGE 9A,
LEWIS HOMES SPARKS 12M,
NORTHERN LIGHTS 2,
NORTHERN LIGHTS 4,
DOUBLE DIAMOND RANCH VILLAGE 1C,
COIT HEIGHTS 1,
WEST PLUMB LANE ESTATES 2,
BRIDLE PATH HOMES 5,
THE FOOTHILLS AT WINGFIELD VILLAGE 1,
WINGFIELD SPRINGS 15A,
TIERRA DEL SOL PHASE 2,
SPRING CREEK 2A,
SPRING CREEK 2F,
FIRENZE @ D`ANDREA PHASE 3,
CHIANTI 2,
DOUBLE DIAMOND RANCH VILLAGE 22A,
ROLLING HILLS RANCHOS 5,
ROLLING HILLS RANCHOS 3,
DOUBLE DIAMOND RANCH VILLAGE 16B,
DOUBLE DIAMOND RANCH VILLAGE 17A,
DOUBLE DIAMOND RANCH VILLAGE 16A,
CIMARRON 1,
SOUTHLAND HEIGHTS,
2A @ SOMERSETT,
DOUBLE DIAMOND RANCH VILLAGE 1A,
VILLAGES AT DAMONTE RANCH 17C,
SILVERADO RANCH ESTATES 1B,
SILVERADO RANCH ESTATES 4A,
NORTHGATE 3D,
NORTHGATE 3F,
NORTHGATE 3K,
NORTHGATE 3M,
UNIVERSITY RIDGE 8,
STONE CREEK PHASE 1,
RENO VISTA 1,
EASTRIDGE 1,
SOUTHWEST TERRACE 2,
CHISM ADDITION,
VALLEY VILLAGE 3 & 4,
THE COTTAGES,
NORTH SPRINGS ESTATES WILD HAWK RIDGE PHASE 5,
SIERRA CANYON AT SOMERSETT VILLAGE 4,
SIERRA VISTA TRACT,
WESTERN ADDITION,
VICTORIA PARK TRACT,
DOUBLE DIAMOND RANCH VILLAGE 4 UNIT 1,
KING`S VIEW ESTATES 2,
PYRAMID RANCH ESTATES 4C,
PYRAMID RANCH ESTATES 4D,
WINGFIELD SPRINGS 18,
GALENA FOREST ESTATES 2E PHASE 4,
GALENA FOREST ESTATES 2D,
GALENA FOREST ESTATES 2E PHASE 3,
STONE CANYON PHASE 5,
SKY VISTA VILLAGE 6C,
SKY VISTA VILLAGE 6A,
SKY VISTA VILLAGE 6B,
NORTHGATE 17B,
NORTHGATE 7A,
NORTHGATE 17E,
NORTHGATE 17A,
NORTHGATE 17C,
NORTHGATE 21,
RUSK ESTATES,
CIMARRON 6 PHASE 1,
BALLENTYNE,
MOUNTAIN VIEW,
WINGFIELD SPRINGS 15B,
CIMARRON 5,
WATERFORD PARK 1,
SIERRA HEIGHTS 2A,
WEDGE MEADOWS 4,
WEDGE MEADOWS 5,
ARROWCREEK 11,
ARLINGTON COURT,
MEADOW VIEW TERRACE 1,
NORTH SPRINGS ESTATES PHASE 4,
DAMONTE RANCH VILLAGE 14B,
FALCONCREST 1 PHASE 1,
NORTH SPRINGS ESTATES WILD HAWK RIDGE PHASE 4,
NORTH SPRINGS ESTATES WILD HAWK RIDGE PHASE 2,
HARBOR COVE,
LEWIS HOMES SPARKS 15B,
WILLIAMSBURG TOWNHOMES,
NORTHGATE 18A,
NORTHGATE 12A,
NORTHGATE 8D,
NORTHGATE 18B,
SIERRA HILLS,
SATELLITE HILLS 1,
COIT HEIGHTS 4B,
WILLOW CREEK STATION 8,
NORTHGATE 16G,
STONE CREST PHASE 4,
FIELDCREEK RANCH 6,
VILLAGES AT DAMONTE RANCH 17B,
SURPRISE VALLEY RANCHOS 2 PHASE 1,
GREEN ACRE HEIGHTS,
SPYGLASS ESTATES 1 PHASE 1,
SPYGLASS ESTATES 1 PHASE 2,
EVERGREEN HEIGHTS,
SOUTHWEST TERRACE 1,
COLD SPRINGS VALLEY HOMES 2,
BELSERA,
COLD SPRINGS RANCH 5,
GALENA TERRACE 2,
BENNINGTON COURT,
SILVER SHORES 35,
SILVER TERRACE,
SILVER SHORES 32,
WILLOW CREEK STATION 4,
WILLOW CREEK STATION 7C-1,
WILLOW CREEK STATION 3,
WILLOW CREEK STATION 5,
GLENWOOD ESTATES 1,
SHADOWBROOK NORTH,
PIONEER MEADOWS VILLAGE 2 UNIT 2,
PIONEER MEADOWS VILLAGE 2 UNIT 1,
STREETER 1,
HUFFAKER HILLS 7,
HEPPNER 4,
HEPPNER 3,
HUFFAKER HILLS 6,
SADDLEHORN 3,
DOUBLE DIAMOND RANCH VILLAGE 9,
HUFFAKER HILLS 4,
INCLINE VILLAGE 1,
HIGHLANDS @ CIMARRON PHASE 1,
PATTON-FREDERICK ADDITION 2,
WINDING WOOD,
MOUNTAINGATE PHASE 1,
ARROWCREEK 2,
ARROWCREEK 15,
ARROWCREEK 12A,
ARROWCREEK 25,
ARROWCREEK VILLAGE 1A,
ARROWCREEK 4B,
ARROWCREEK 7,
ARROWCREEK VILLAGE 4 UNIT 1,
ARROWCREEK 3,
SOUTHAMPTON ESTATES 1,
SOUTHAMPTON ESTATES 2,
SILVERADO RANCH ESTATES 1A,
THE FOOTHILLS AT WINGFIELD VILLAGE 6,
CAUGHLIN CREEK 6,
SILVERADA 1,
JUNIPER TRAILS 5,
JUNIPER RIDGE 1,
JUNIPER RIDGE 5,
SKY COUNTRY ESTATES 5,
FIRST TEE 1 AT KILEY RANCH,
ACADEMY MANOR 1,
ACADEMY MANOR 2,
DOUBLE DIAMOND RANCH VILLAGE 12C,
DOUBLE DIAMOND RANCH VILLAGE 12A,
DOUBLE DIAMOND RANCH VILLAGE 12B,
SUNRISE VILLAS,
SHADOW GLEN ESTATES 1,
4F @ SOMERSETT,
NEW WASHOE CITY 3,
CURTI RANCH 2 UNIT 5,
AUTUMN RIDGE PHASE 1 @ SOMERSETT,
STERLING VILLAGE 2,
UNIVERSITY HEIGHTS,
UNIVERSITY PARK,
NORTHGATE 19,
VILLAGES AT DAMONTE RANCH 15B,
STONE CANYON PHASE 11,
ROBISON`S ADDITON,
SOUTHWEST VISTAS 4C,
HIDDEN SPRINGS 2,
DOUBLE DIAMOND RANCH VILLAGE 28B,
FRONTIER ESTATES,
WINGFIELD SPRINGS 17A,
HEPPNER 1,
LIGHTNING `W` RANCH RANCH UNIT,
BELLEVUE ESTATES 1,
BELLEVUE ESTATES 2,
LATHROP RANCH ESTATES 1,
BELLEVUE ESTATES 3,
COMSTOCK ESTATES 2,
SKY VISTA VILLAGE 12,
WASHOE RANCHES 5,
WASHOE RANCHES 2,
TOSCANA @ D`ANDREA 4A,
TOSCANA @ D`ANDREA 5,
PLEASANT VALLEY RANCHOS 3,
KNOX LANDING,
SKY RANCH NORTH 1,
SURPRISE VALLEY RANCHOS PHASE 3A,
SURPRISE VALLEY 3B,
SURPRISE VALLEY RANCHOS PHASE 2B,
CIMARRON 8,
WINGFIELD SPRINGS 13D PHASE 1,
NORTHGATE 1A,
NORTHGATE 1C,
STONE CANYON PHASE 9,
WOODLAND VILLAGE PHASE 12,
NORTHGATE 16C,
WINGFIELD SPRINGS 19B PHASE 1,
SIERRA HEIGHTS 4,
BACKER TRUST PROPERTY 1,
SIERRA GARDENS MOBILE HOMES,
HIGHLANDS @ CIMARRON PHASE 2,
FALCONCREST 1 PHASE 2,
CIMARRON 8 PHASE 2,
BLUE HERON PARK 1,
VALLEY ROAD DEVELOPMENT,
NORTHGATE 3H,
COUNTRY CLUB ACRES,
STONE CREST PHASE 7,
UNIT 4A @ SOMERSETT,
SIERRA CANYON AT SOMERSETT VILLAGE 1,
SKYLINE CREST 1,
ALBION,
WILKINSON 1,
STEAMBOAT SPRINGS ESTATES 1,
EDGEWATER 3,
SKY COUNTRY ESTATES 1,
EASTLAND HILLS 1A,
WINGFIELD SPRINGS 14,
COLD SPRINGS VALLEY HOMES 3,
COLD SPRINGS VALLEY HOMES 1,
HEPPNER 2,
DOUBLE DIAMOND RANCH VILLAGE 28A,
SILVER SHORES 2,
SILVER SHORES 4,
GOLDEN HIGHLANDS PHASE 1,
GOLDEN HIGHLANDS PHASE 6,
GOLDEN HIGHLANDS PHASE 5,
GOLDEN HIGHLANDS PHASE 2,
GOLDEN HIGHLANDS PHASE 4,
GOLDEN HIGHLANDS PHASE 7,
NORTH SPRINGS ESTATES PHASE 2,
TALUS POINT CONDOMINIUMS,
CORONET 2,
CORONET 3,
COMSTOCK ESTATES 3,
MOANA PARK HOME SITES,
BAKER LANE APARTMENTS,
SOUTHVIEW,
WINGFIELD SPRINGS 19B PHASE 2,
SKY VISTA VILLAGE 10B PHASE 2,
WILLOW CREEK WEST 2B,
WILLOW CREEK WEST 1,
VILLAGES AT DAMONTE RANCH 20A,
JUNIPER TERRACE MOBILE HOME ESTATES 6B,
WILDCREEK ESTATES 2,
CANYON HILLS 1B,
CANYON PINES PHASE 1,
DAMONTE RANCH VILLAGE 14A,
VILLAGES AT DAMONTE RANCH 15A,
LAKERIDGE 2,
KILEY RANCH WEST PHASE 3A UNITS 5 & 7,
CRYSTAL LAKE 1A,
THE VILLAGES 3,
HIDDEN CANYON 1,
HIDDEN CANYON 2,
PYRAMID PARK 2,
TYROLIAN VILLAGE 3,
TYROLIAN VILLAGE 1,
SUN VALLEY 5,
WINGFIELD SPRINGS 13B,
WOODLAND VILLAGE PHASE 3,
KILEY RANCH 4 PHASE 2C,
KILEY RANCH 5 PHASE 2C,
SPANISH SPRINGS VILLAGE 7,
DESERT HIGHLAND 4C,
DESERT HIGHLANDS 4E,
AREA 2 PHASE 1 @ SOMERSETT,
SHADOW GLEN ESTATES 3,
WESTGATE,
INCLINE VILLAGE 1A,
DOUBLE DIAMOND RANCH VILLAGE 29A,
SILVERADA NORTH 2,
JUNIPER HEIGHTS 1,
BRUCE 4,
RULISON SURVEY,
ST GEORGE ADDITION,
POWNING ADDITION,
SILVER KNOLLS RANCH ESTATES 5,
BELLI ADDITION,
LAKERIDGE 4,
SHADOW GLEN ESTATES 2,
PRIESS RANCH PHASE 1,
HUFFAKER VILLAGE 1,
HUFFAKER HILLS 1,
HUFFAKER HILLS 5,
HUFFAKER HILLS 2,
ECCLES RANCH ESTATES 1,
TOSCANA @ D`ANDREA 1,
TOSCANA @ D`ANDREA 2A,
WILDCREEK ESTATES 3,
WINGFIELD SPRINGS 20 PHASE 2,
WINGFIELD SPRINGS 20 PHASE 3,
WINGFIELD SPRINGS 20 PHASE 1,
CIMARRON 12 PHASE 1,
WOODLAND VILLAGE PHASE 10,
GRANDVIEW MANOR 5,
DOUBLE DIAMOND RANCH VILLAGE 30,
SADDLEHORN SOUTH PHASE 1,
BACKER TRUST PROPERTY 2,
SUNCREST 3A,
SUNCREST 2B,
SUNCREST 2A,
SUNCREST 3B,
THE VILLAS AT SKY VISTA PHASE 1,
THE VILLAS AT SKY VISTA PHASE 2,
VILLAGES AT DAMONTE RANCH 13A,
BERRUM PARK,
PATTON,
SAN MARINO @ D`ANDREA PHASE 2,
SIERRA VISTA VILLAS OF RENO 1,
SIERRA VISTA VILLAS OF RENO 2,
RENO PARK ESTATES 2B-9,
SECURITY PLACE,
THE ESTATES AT MOUNT ROSE PHASE 1,
UPPER HIGHLANDS AT CIMARRON EAST PHASE 1,
VISTA RIDGE 4,
BROOKDALE PARK,
JUNIPER TERRACE MOBILE HOME ESTATES 1,
COUNTRY ESTATES 4,
NORTHGATE 2F,
EAGLE CANYON 3 UNIT 4A,
EAGLE CANYON 3 UNIT 4B,
ALAMEDA HEIGHTS,
HILLCREST,
CAUGHLIN CREEK 1,
EASTLAND HILLS 4A,
LAKESIDE PLAZA 1,
WOODLAND VILLAGE PHASE 9,
ALUM CREEK PATIO HOMES 2,
SAN MARINO @ D`ANDREA PHASE 1,
SIERRA HEIGHTS 2B,
RENO PARK MOBILE HOME ESTATES 2A,
CANYON HILLS 2,
GALENA TERRACE 3,
GALENA TERRACE 4,
SAPPHIRE RIDGE PHASE 3,
MANZANITA WEST 11,
SUNCREST 1,
OVERLOOK 1B,
DOUBLE DIAMOND RANCH VILLAGE 15,
TYROLIAN VILLAGE 4,
SPRING CREEK 2C,
SPRING CREEK 2D,
SPRING CREEK 2H,
SPRING CREEK 2G,
SPRING CREEK 2E,
SLEEPY HOLLOW,
JONADA HEIGHTS ADDITION,
TRIPLE CROWN 5,
TRIPLE CROWN 4,
EDGEWATER 6,
RENO VISTA,
RENO HIGHLAND,
VILLAGES AT DAMONTE RANCH 16B,
VILLAGES AT DAMONTE RANCH 16A,
SILVER SHORES 9,
SILVER SHORES 22,
SILVER SHORES 17,
PEAVINE VIEW ESTATES 4,
UNIT 4B-4E @ SOMERSETT,
EL RANCHO BUENA VISTA 1,
DONNER SPRINGS 3B,
PEAVINE MEADOW ESTATES 1,
TRUCKEE CANYON ESTATES,
MOGUL HIGHLANDS 3A,
MOGUL HIGHLANDS 3D,
SPRING VALLEY ESTATES 4,
HORIZON HILLS 2,
WINGFIELD SPRINGS 24D,
WINGFIELD SPRINGS 24B,
NORTHGATE 11D,
DOUBLE DIAMOND RANCH VILLAGE 18,
MANZANITA WEST 7,
MANZANITA WEST 10,
VISTA HEIGHTS SOUTH PHASE 2,
WINGFIELD SPRINGS 17B,
FIRST TEE 6 AT KILEY RANCH,
HUFFAKER HILLS 3,
WATERFORD PARK 2,
MORGAN,
UNIVERSITY TERRACE ADDITION,
SOUTH HILLS ESTATES 1,
SOUTHERN COMFORT 1,
DOUBLE DIAMOND RANCH VILLAGE 2C,
DOUBLE DIAMOND RANCH VILLAGE 2B,
KILEY WEST 4A PHASE 2,
SOUTHWEST ESTATES 2,
ROUNDHOUSE VILLAGE,
MAYBERRY MEADOWS 4B,
SIMON 2,
MAYBERRY MEADOWS 2,
MAYBERRY MEADOWS 1,
STONE CANYON PHASE 2,
RIDGEWAY @ SOMERSETT,
DOUBLE DIAMOND RANCH VILLAGE 4 UNIT 2,
KILEY RANCH WEST PHASE 3A UNIT 2,
SIERRA HEIGHTS 3D,
SIERRA HEIGHTS 3B,
ALUM CREEK PATIO HOMES 3,
SKY VISTA VILLAGE 10A PHASE 1,
RENO HIGHLAND 2 UNIT 2,
MORTON 2,
SOUTHSIDE,
MORTON 3,
WOODSIDE 2A,
AMPHITHEATER 2,
SIDEHILL MOBILE HOME ESTATES,
SKY VISTA VILLAGE 8C,
SIERRA SAGE ESTATES 2,
NORTHGATE 3E,
NORTHGATE 3B,
BRUNETTI 1,
BRUNETTI 2,
NORTH EXTENSION OF BARNARD ADDITION,
MANZANITA WEST 8,
NEW WASHOE CITY 5,
EVERGREEN 4,
EVERGREEN 2,
EVERGREEN 3,
EL RANCHO BUENA VISTA 2,
RENO FOOTHILLS 1,
MONGOLO,
BROOKS 2,
FIELDCREEK RANCH 9,
GREGORY PARK,
FIELDCREEK RANCH 8,
DONNER SPRINGS MOBILE HOMES,
WINGFIELD SPRINGS 5,
PANORAMA VILLAGE,
PEAVINE HEIGHTS 2,
CANYON HILLS 1,
LEWIS HOMES SPARKS 12A,
WOODLAND VILLAGE PHASE 8,
SIERRA LOMA 3,
NORTHWEST TERRACE,
MEADOWVIEW PHASE 2,
NORTHWEST VILLAS 2,
STONE CREST PHASE 6,
MEADOWVALE 3,
MEADOWVALE 4,
MEADOWVALE 11,
EAGLE CANYON 2 UNIT 1A,
WILDCREEK GOLF VILLAS PHASE 3,
WILDCREEK GOLF VILLAS PHASE 2,
STONE CREEK PHASE 10,
BREAKER,
BREIMON ACRES,
WILLOW CREEK WEST 2A,
NEVADA VISTA,
CRYSTAL VIEW CONDOMINIUMS,
NEVADA VISTA ADDITION,
HEMPSTEAD GARDENS,
READ,
SPANISH SPRINGS 2,
DOUBLE DIAMOND RANCH VILLAGE 25,
GALENA CANYON 2B,
LONKEY`S  ADDITION TO VERDI,
VERDI LAKE ESTATES,
VERDI,
KEELE,
TOWN & COUNTY ESTATES,
FERRIS,
WEST RENO HEIGHTS,
WILLIAMS,
RIO VISTA HEIGHTS,
MARSH`S ADDITION,
NEWLANDS TERRACE,
RIVERSIDE HEIGHTS,
MARKER TRACT,
NEWLANDS HEIGHTS,
LAKE`S ADDITION,
PANGI RANCH 1,
CENTURY GLEN 4,
ALUM CREEK PATIO HOMES,
VINTAGE HILLS 1,
VINTAGE HILLS 2,
VINTAGE HILLS 3,
SKY VISTA VILLAGE 10B PHASE 1,
SKY VISTA VILLAGE 10B PHASE 3,
SKY VISTA VILLAGE 10A PHASE 2,
BRISTLE CONE CONDOMINIUMS,
HERITAGE ON THE GREEN 3,
STERLING RANCH 1,
LEWIS HOMES SPARKS 10,
LEWIS HOMES SPARKS 8,
WILLOW CREEK STATION 6,
CAUGHLIN COTTAGES 2,
LAKERIDGE SPRINGS 6,
HIDDEN VALLEY 1,
SURREY PLACE 1,
CLARIDGE POINTE NORTH,
EVANS CREEK ESTATES 1,
EVANS CREEK ESTATES 2,
LEWIS HOMES SPARKS 12E,
CANYON VISTA NORTH,
SEDONA VILLAGE 2,
MOGUL HIGHLANDS 1,
CANYON VISTA SOUTH,
HIDDEN VALLEY HIGHLANDS 1,
VISTA HEIGHTS SOUTH PHASE 1,
THOMAS CREEK ESTATES 3D,
SIERRA HEIGHTS 5A,
NORTHRIDGE HILLS,
CHURCH HILL ESTATES,
SOUTHWEST VISTAS 1,
SIERRA MEADOWS 5A,
SIERRA MEADOWS 5B,
SIERRA WOODS ESTATES,
BRIDLE PATH HOMES 4,
PECETTI RANCH ESTATES,
JUNIPER TRAILS 4,
MONTREUX 4 SOUTH,
MONTREUX 7B,
MONTREUX 10,
MONTREUX UNIT 9,
MONTREUX 1,
BOWMAR,
GALENA TERRACE 1,
TENAYA CREEK,
ELMCREST HEIGHTS 5,
VANTAGE POINT 2,
VANTAGE POINT 3,
VANTAGE POINT 1,
LANCER ESTATES 8,
VILLAS AT LAKERIDGE 2,
NORTHGATE 5A,
NEW WASHOE CITY 1,
GOLDEN VALLEY RANCHOS 1,
CHATEAU ACRES 1,
SOUTH HILLS ESTATES 3 HODGE ADDITION,
WINGFIELD SPRINGS 26A,
LEWIS HOMES SPARKS 12F,
NEWLANDS MANOR,
MANOR GARDENS,
ARLINGTON HEIGHTS SUBURBAN HOME TRACTS,
SHERMAN PARK ESTATES,
SILVERADA 2,
SIERRA HIGHLANDS 8B,
O`SULLIVAN ADDITION,
LINCOLN PARK ADDITION,
SIERRA CANYON AT SOMERSETT VILLAGE 5,
BRIDLE PATH HOMES 1,
BRIDLE PATH HOMES 2,
CAUGHLIN RIDGES 1,
POINT VIEW,
FAULSTICH,
NIXON FARM,
BRINKBY,
WARREN,
NOTTINGHAM,
AREA 3 PHASE 1 @ SOMERSETT,
REDFIELD ESTATES,
LAUREL PARK 1,
GALENA TERRACE ESTATES 1,
OLD GALENA TOWNSITE,
CROSS CREEK,
THE ESTATES AT MOUNT ROSE PHASE 2,
THE ESTATES AT MOUNT ROSE PHASE 3A,
CIMARRON 4,
CIMARRON 3,
NORTHGATE 16E,
SOUTHERN COMFORT 2,
SUNNY ACRES 1,
GEORGIA ESTATES,
SUNNY ACRES 2,
WEST RIDGE ESTATES 1,
SUNNY SLOPE 2,
DOUBLE DIAMOND RANCH VILLAGE 14A,
NORTHGATE 5E,
CAMELOT ESTATES 4,
CAMELOT ESTATES 3,
CAMELOT ESTATES 2,
CAMELOT ESTATES 1,
DONNER SPRINGS 2C-2,
ETCHEBERRY ADDITION,
MANOR HEATH,
HANCOCK,
WILD STALLION ESTATES PHASE 3,
PARK VERDE,
CIMARRON 10,
RIVER VIEW ESTATES,
RALEIGH HEIGHTS 1,
ROBERT`S 4A,
PEBBLE CREEK 2,
CASTLE RIDGE 3,
WOODLAND VILLAGE PHASE 2,
DOUBLE DIAMOND RANCH VILLAGE 5A,
WINGFIELD SPRINGS 11,
VILLAGES AT DAMONTE RANCH 11A,
DESERT HIGHLANDS 4A,
SKYLINE HEIGHTS 3,
CAPURRO,
DONNER SPRINGS 2C-1,
SPARKS VILLAGE GREEN 2,
SPARKS VILLAGE GREEN 1,
DOUBLE DIAMOND RANCH VILLAGE 6D,
WILLOW CREEK STATION 11B,
SIERRA HIGHLANDS 8A,
SADDLEHORN 7,
TOSCANA @ D`ANDREA 7A,
FIELDCREEK RANCH 3,
PEAVINE VIEW ESTATES 9,
EAGLE CANYON 2 UNIT 4,
NORTHGATE 14B,
NORTHGATE 14C,
SUNRISE AT KILEY RANCH,
3F @ SOMERSETT,
GREYHAVEN,
SILVER KNOLLS RANCH ESTATES 3,
SKY RIDGE 2,
DOUBLE DIAMOND RANCH VILLAGE 7,
DOUBLE DIAMOND RANCH VILLAGE 8B,
DONNER SPRINGS 2A,
SPRING VISTA,
DOUBLE DIAMOND RANCH VILLAGE 29C,
MOGUL HIGHLANDS 2A,
GLEESON WAY,
BLEST 2,
OLD WASHOE ESTATES,
BARING SQUARE,
RENO PARK ESTATES 2B-6,
SUNSET HILLS 1,
NEW WASHOE CITY 2,
NEW WASHOE CITY 4,
MEYER MEADOWS 1,
KILEY WEST PHASE 1,
JUNIPER HILLS,
VILLAGES AT DAMONTE RANCH 13B,
VILLAGES AT DAMONTE RANCH 13C,
MANZANITA WEST 4,
SILVERADO RANCH ESTATES 3 PHASE 1,
EDGEWATER 1,
EDGEWATER 4,
SHERMAN 1,
FOREST HILLS,
ROLLING HILLS HIGHLANDS 1,
MARKRIDGE 2,
ROSS PARK ESTATES,
BURKE`S ADDITION,
MCCORMICK ADDITION,
TERRACE TRACT,
PARKSIDE VISTA,
BONANZA,
WILLOW CREEK STATION 11C,
HIDDEN SPRINGS 3,
EL RANCHO BUENA VISTA 3,
TRIPLE CROWN 7A,
COUNTRY CLUB ESTATES 2,
ST JAMES`S VILLAGE 1D,
RALEIGH HEIGHTS 3,
THE VILLAGES 2,
MONTREUX 7C,
MONTREUX 7A,
SUN VALLEY,
SUN VALLEY 2,
CASA LINDA 1,
CARRIAGE HOUSE,
FROST RANCHES,
PINE TREE RANCH 2,
PINE TREE RANCH 1,
VILLA MARBELLA,
SOUTHWEST TERRACE 3,
SOUTHWEST TERRACE 3A,
SKYLINE VILLA CONDOMINIUMS,
CAUGHLIN CREST,
SOUTH TERRACE HEIGHTS,
EAGLE RIDGE 1,
LAKERIDGE SHORES EAST 2A,
LAKERIDGE SHORES EAST 1,
SURPRISE VALLEY RANCHOS 2 PHASE 2,
NORTHRIDGE HEIGHTS 10,
NORTHRIDGE HEIGHTS 9,
STARDUST,
STARDUST GARDENS 1,
NORTHRIDGE HEIGHTS 8,
NORTHRIDGE HEIGHTS 7,
ROLLING HILLS RANCHOS 4,
KILEY WEST 4B,
CENTENNIAL PARK,
NORTHGATE 8A,
VILLAGES AT DAMONTE RANCH 12A,
VILLAGES AT DAMONTE RANCH 12B,
RANCHO 1,
SKY RANCH NORTH 2D,
SIERRA HIGHLANDS 9B,
JUNIPER TRAILS 1,
JUNIPER TRAILS 3,
CAUGHLIN CREEK 2B,
CAUGHLIN CREEK 3,
CAUGHLIN COTTAGES 1,
JUNIPER TRAILS 7G,
JUNIPER TRAILS 7D,
JUNIPER TRAILS 7A,
CAUGHLIN COTTAGES 3,
CREEKRIDGE SOUTH 1,
TIERRA DEL SOL PHASE 1,
TWIN LAKES ESTATES 1,
CURTI RANCH 2 UNIT 7,
CURTI RANCH 2 UNIT 8,
MOUNTAIN MEADOWS 1,
YORKSHIRE MANOR 2,
WINGFIELD SPRINGS 6,
MANZANITA WEST 6,
FAIRWAY ESTATES 1,
SIERRA VISTA 3,
TOWN & COUNTY VILLAGE 1,
FIRST TEE 2 AT KILEY RANCH,
FIRST TEE 5 AT KILEY RANCH,
BELLA VISTA WINGFIELD SPRINGS,
WINGFIELD SPRINGS 9C,
WINGFIELD SPRINGS 9A,
WINGFIELD SPRINGS 9B,
MOGUL MEADOWS 1,
GALENA FOREST ESTATES 2B,
UNIVERSITY HEIGHTS 2 PHASE 1,
UNIVERSITY RIDGE 1,
SOMERSETT TOWN CENTER RESIDENTIAL PHASE 1,
SOMERSETT TOWN CENTER RESIDENTIAL PHASE 2,
WINGFIELD SPRINGS 8B,
TRIPLE CROWN 3,
CASAZZA ADDITION,
LISTON,
MORTON 1,
JUBILEE,
COLLEGE TOWN,
CHRISTENSEN`S,
EDGEWOOD PARK,
INCLINE-MT ROSE CHALETS,
INCLINE CREST 3B,
INCLINE CREST 3,
ODDIE BV COMMERCIAL ESTATES,
PLEASANT VALLEY RANCHOS 2,
NORTHGATE VILLAGE 1,
EAGLE CANYON 3 UNIT 5,
VILLAGES AT DAMONTE RANCH 18B,
SKY RANCH NORTH 2B,
SKY RANCH NORTH 2F,
SKY RANCH NORTH 2A,
SKY RANCH NORTH 2I,
SKY RANCH NORTH 2H,
SKY RANCH NORTH 2G,
SIERRA VISTA VILLAS OF RENO 3,
SILVER SHORES 7,
LEARENO ESTATES 2,
LEARENO ESTATES 3,
GALENA TERRACE 5,
CREEKSIDE NORTH 2,
VILLAGE AT INCLINE 1,
COMMERCIAL 1,
COUNTRY CLUB VILLAS,
WOOD CREEK,
SUN VALLEY VIEW ESTATES,
STONE CREST PHASE 3,
SIERRA HIGHLANDS 12B,
HILLBORO 5,
HILLBORO PLACE,
SILVERADO RANCH ESTATES 5 PHASE 2,
LEWIS HOMES SPARKS 16B,
REWANA 2,
ARROWCREEK 19,
CANYON HILLS 3,
EVANS CREEK ESTATES 5,
2F @ SOMERSETT,
EASTSIDE 2,
CHARJENE,
ANDERSON,
SHARON HILL 4,
SHARON HILL 8,
SHARON HILL 6,
NORTHGATE 3I,
FOOTHILL ACRES 1,
MEADOWVALE 1,
EASTLAND HILLS 1B,
SIERRA VISTA 1,
SIERRA VISTA 2,
WILLOW RANCH PHASE 2 @ SOMERSETT,
WILDCREEK ESTATES 1,
MEADOW VIEW TERRACE 4,
WILDCREEK ESTATES 4,
MOGUL MEADOWS 2,
MOGUL MEADOWS 3D,
MOGUL MEADOWS 3E,
STONE CANYON PHASE 10,
EASTLAND HILLS 2,
WILLOW CREEK STATION 2,
PJ KELLY`S,
CLEAR ACRE CONDOMINIUMS,
NORTH VALLEY,
WILDCREEK GARDENS CONDOMINIUMS,
STEADFIELD ESTATES 1,
RENO PARK MOBILE HOME ESTATES,
NORTHRIDGE SMALL ESTATES FIRST ADDITION,
NORTHRIDGE SMALL ESTATES,
PEAVINE VIEW ESTATES 3,
RENO TOWNSITE,
SUNRISE ESTATES,
SIERRA LOMA 1,
ARROWCREEK 8,
ARROWCREEK 5,
SIERRA MEADOWS 8,
SKY VISTA VILLAGE 9B,
WILLOW CREEK EAST 1,
EASTLAND HILLS 4B,
SILVERADA NORTH 1,
HIDDEN VALLEY 5,
HIGHLAND PARK,
SAGE POINT 2,
SAGE POINT 3,
SPANISH SPRINGS VILLAGE 1,
SPANISH SPRINGS VILLAGE 5,
WASHOE RANCHES 4,
WASHOE RANCHES 1,
WASHOE RANCHES 3,
LEWIS HOMES SPARKS 1,
MESA MEADOWS 2,
WELSH,
SIERRA HIGHLANDS 12,
HILLBORO 6,
HILLBORO 2,
HILLBORO 4,
HILLBORO 1,
SMITHRIDGE GREEN 1,
LEWIS HOMES SPARKS 16D,
CAUGHLIN CREEK 2A,
CAUGHLIN CREEK 7,
CAUGHLIN CREEK 4,
CAUGHLIN CREEK 5,
GRANITE RIDGE PHASE 1,
GRANITE RIDGE PHASE 3,
21 @ SOMERSETT,
OTTERAAEN ESTATES,
PARC CHATEAU,
SOUTHVIEW 2,
NEW SOUTHSIDE ADDITION,
WELLS ADDITION,
MEADOW VIEW ADDITION,
SOUTHERN ADDITION,
VILLAS AT LAKERIDGE 4,
NORTHGATE 3C,
NORTHGATE 3J,
NORTHGATE 3A,
NORTHGATE 3G,
ROSEVIEW 1,
STEAMBOAT SPRINGS ESTATES 3,
CHIANTI 1,
RIVERSIDE HEIGHTS 3,
MOBILE GLEN 2,
SPRING VALLEY ESTATES 1,
LAKERIDGE SPRINGS 7,
CARTLIDGE ADDITION,
SHARRON COURT,
ARROWCREEK VILLAGE 3,
NORTHGATE 14A,
WILLOW CREEK STATION 1,
EVANS CREEK ESTATES 4,
ROCKWOOD,
CASAZZA RANCH ESTATES 6,
LAKESIDE MEADOWS 3,
CAUGHLIN GLEN 2,
CAUGHLIN GLEN 1,
DOUBLE DIAMOND RANCH VILLAGE 1B,
DOUBLE DIAMOND RANCH VILLAGE 24A,
MORNING STAR AT NORTHGATE 2,
STONE CREST PHASE 8,
COIT HEIGHTS 3,
VIRGINIA FOOTHILLS 4,
SHADOW HILLS 4,
SILVERADO RANCH ESTATES 2 PHASE 3,
LEWIS HOMES SPARKS 16A,
CHORN,
SOUTHRIDGE ESTATES,
EVANS PARK 7,
GREENFIELD BLOCK A,
COBBLESTONE COURT,
SJ RANCH 1,
PARKLAND 2,
THE FOOTHILLS AT WINGFIELD VILLAGE 4,
THOMAS CREEK ESTATES 2B,
PROSPECT HILL 1,
UNIVERSITY RIDGE UNITS 7 AND 9 PHASE 3,
SUN VALLEY HEIGHTS,
GREEN BRAE TERRACE ADDITION 17,
COPPER POINT,
EAGLE CANYON 4,
FAIRWAY PARK,
THE MEADOWS 4,
THE MEADOWS 2,
SILVERADO RANCH ESTATES 11 PHASE 2,
NORTHGATE 16D,
WINGFIELD SPRINGS 13A,
MEYER MEADOWS 2,
HARDESTY ADDITION,
LINDA,
EVERGREEN 1,
SHADOW LANE VILLAS PHASE 1,
SAGEHEN HILL 2 PHASE 2,
ROLLING HILLS RANCHOS 2,
SAGEHEN HILL 2 PHASE 4,
SUN ACRES 3,
SPRING VILLAS TOWNHOUSES,
WASHOE VALLEY FARMS,
STONE CANYON PHASE 7,
NORTHGATE 6,
SKY RIDGE 1,
PROMONTORY,
RALEIGH HEIGHTS 2,
THE HIGHLANDS AT CIMARRON EAST PHASE 3,
UPPER HIGHLANDS AT CIMARRON EAST PHASE 2,
COMSTOCK ESTATES 9,
WINGFIELD SPRINGS 8A,
ROBERT`S 4,
COIT HEIGHTS 2,
EDMANDS,
SHERWOOD HEIGHTS,
THE HIGHLANDS,
SUNDANCE RIDGE,
EVANS PARK 3,
MESA PARK,
DOUBLE DIAMOND RANCH VILLAGE 5B,
WILLOW CREEK CONDOMINIUMS 3,
WILLOW CREEK CONDOMINIUMS 2,
WILLOW CREEK CONDOMINIUMS 4,
WILLOW CREEK CONDOMINIUMS 1,
ARROWCREEK 28,
3B @ SOMERSETT,
MEADOWLANDS 1,
CRESCENT,
INCLINE CREST,
INCLINE CREST 2,
SIERRA CANYON AT SOMERSETT VILLAGE 2,
CLEARACRE GARDEN 2,
ROLLING HILLS HIGHLANDS 2,
GRANITE HILLS 2,
JUNIPER TRAILS 2,
VISTA DEL ORO 6A,
DESERT HIGHLANDS 1 PHASE 3,
RANCHO MANOR,
SKYLINE HEIGHTS 4,
MANZANITA WEST 1,
MANZANITA WEST 2,
MILL STREET ADDITION,
SILVIO ESTATES,
DEER CREEK,
UNIVERSITY HEIGHTS 2 PHASE 5,
SPRINGLAND,
LEWIS HOMES SPARKS 7A,
LEWIS HOMES SPARKS 9,
SPRINGLAND VILLAGE 3,
LEWIS HOMES SPARKS 14,
SPRINGLAND VILLAGE 1B,
SIERRA CANYON AT SOMERSETT VILLAGE 9,
SIERRA CANYON AT SOMERSETT VILLAGE 10,
SIERRA CANYON AT SOMERSETT VILLAGE 8,
WEST ROSE PARK 4,
TACCHINO,
DESERT HIGHLANDS 1 PHASE 1,
PYRAMID LAKE ESTATES 5A,
DESERT HIGHLANDS 3,
KILEY RANCH 7 PHASE 2,
KILEY RANCH 9 PHASE 2B,
KILEY RANCH 8 PHASE 2,
COUNTRY ESTATES 2,
COUNTRY ESTATES 3,
DOUBLE DIAMOND RANCH VILLAGE 13B,
DOUBLE DIAMOND RANCH VILLAGE 13A,
DOUBLE DIAMOND RANCH VILLAGE 22B,
TOSCANO TOWNHOMES,
SHORELINE VILLAS,
WINGFIELD SPRINGS 26A UNIT 2,
TANGLEWOOD ESTATES 1,
TANGLEWOOD ESTATES 2,
SPRING RIDGE 1 PHASE 2,
SPRING RIDGE 1 PHASE 3,
SPRING RIDGE 1 PHASE 1,
PYRAMID COVE,
EAGLE CANYON 2 UNIT 6,
EAGLE CANYON 2 UNIT 5,
OFFENHAUSER ADDITION SOUTH HILLS ESTATES 4,
SKY VISTA VILLAGE 8B,
MARIAN,
MEADOWLANDS 2A,
MEADOWLANDS 2B,
WILLOW CREEK STATION 7C-2,
PALISADES NORTH CONDOMINIUMS,
STONE CANYON PHASE 3,
LAKESIDE MEADOWS 2,
LEGACY FARMS,
GOLDEN HIGHLANDS PHASE 3,
TOWN OF SPARKS,
ROSEWOOD LAKES 3,
ROSEWOOD LAKES 1,
SIERRA HIGHLANDS 1,
CURTI 2,
CURTI 3,
CURTI 1,
DESERT HIGHLANDS 4B,
DESERT HIGHLANDS 4F,
VISTA RIDGE 3,
SILVERADO RANCH ESTATES 2 PHASE 2,
SILVER LAKE 1B,
LAKESIDE MEADOWS 1,
PYRAMID RANCH ESTATES 4A,
MORNING STAR AT NORTHGATE 1,
MORNING STAR AT NORTHGATE 3,
DESERT SPRINGS 1,
SPANISH SPRINGS VILLAGE 4,
NORTH SPRINGS ESTATES PHASE 3,
NORTH SPRINGS ESTATES WILD HAWK RIDGE PHASE 1,
SILVER SHORES 3,
SILVER SHORES 5,
MANZANITA WEST 5,
MANZANITA WEST 9,
GOLDEN VALLEY RANCHOS 2,
GOLDEN VALLEY RANCHOS 3A,
MESA MEADOWS 4,
SIERRA ESTATES 2,
CONNOLLY 2,
CONNOLLY 1,
WINGFIELD SPRINGS 4B,
WINGFIELD SPRINGS 3,
PEAVINE VIEW ESTATES 1,
PEAVINE VIEW ESTATES 2,
LAKE HILLS 3,
LAKE HILLS 1,
BRITTON,
GREEN BRAE TERRACE WESTERLY ADDITION H,
STONE CREST PHASE 1,
DESERT SPRINGS 2,
WASHOE SIERRA 1,
HILLCREST EAST,
NORTHERN LIGHTS 6,
ROLLING HILLS RANCHOS 1,
WINDMERE ESTATES,
VILLAGES AT DAMONTE RANCH 20B,
VALLEY PARK ESTATES,
SKY VIEW ESTATES 1,
PLEASANT VALLEY ESTATES 2,
GOLDEN MEADOWS 1,
SILVER SHORES 24,
SILVER SHORES 25,
TOSCANA @ D`ANDREA 2B,
TOSCANA @ D`ANDREA 4B,
TOSCANA @ D`ANDREA 3B,
WILKINSON 4,
TUCKETT,
HIDDEN CANYON 4B,
CIMARRON 11,
GALENA TERRACE 10,
WHITES CREEK ESTATES 1,
VALLEY SPRINGS TRACT,
NORTHGATE 7C,
COUNTRY ESTATES 1,
COUNTRY ESTATES 9,
RIVERVIEW SURVEY,
525 COURT STREET,
SIERRA HIGHLANDS 4 PHASE 1A,
STERLING VILLAGE,
SILVER SHORES 34,
SPRING VALLEY ESTATES 2,
SPRING VALLEY ESTATES 3,
ARROWCREEK 23,
GREENRIDGE,
VILLAGES AT DAMONTE RANCH 18A,
SKY VISTA VILLAGE 2A,
DOUBLE DIAMOND RANCH VILLAGE 19A,
DOUBLE DIAMOND RANCH VILLAGE 19B,
ROYAL HEIGHTS 4,
ROYAL HEIGHTS 5,
CURTI RANCH 2 UNIT 3,
RENO HEIGHTS,
STONE CREST PHASE 2,
DAKOTA RIDGE @ SOMERSETT,
RIVER PARK 2,
CENTURY ESTATES,
SIERRA ESTATES 4A,
KILEY RANCH WEST PHASE 3A UNIT 3,
SKY VISTA VILLAGE 8A,
FIRST TEE 10 PHASE 2 AT KILEY RANCH,
FIRST TEE 10 PHASE 1 AT KILEY RANCH,
CANYON HILLS 1A,
THE HIGHLANDS AT CIMARRON PHASE 4,
UPPER HIGHLANDS AT CIMARRON EAST PHASE 3,
EL RANCHO BUENA VISTA 4A,
TOSCANA @ D`ANDREA 3A,
VISTA DEL ORO 4,
STONE CANYON PHASE 4,
THE VILLAGES 1,
WOODSIDE 1,
OVERLOOK 4,
COLD SPRINGS VALLEY HOMES 3 AMENDED,
COLD SPRINGS RANCH 4,
SKY VISTA VILLAGE 2B,
INCLINE VILLAGE 2,
MILLSTONE MANOR,
TAHOE PALISADES,
INTERLAKEN PARK,
TENGANA VIEW,
WINGFIELD SPRINGS 15C,
WINGFIELD SPRINGS 15D,
LANCER ESTATES 7,
NEIL MANOR CONDOMINIUMS,
HOME GARDENS,
CANYON HILLS PHASE 1B-4,
SIERRA MEADOWS 7,
SILVERADO RANCH ESTATES 9,
DIAMOND J,
TANGLEWOOD GROVE,
LAKERIDGE SPRINGS 2,
SUN VALLEY 4,
PYRAMID RANCH ESTATES 2,
COIT HEIGHTS 4A,
DOUBLE DIAMOND RANCH VILLAGE 6A,
DOUBLE DIAMOND RANCH 1,
FAIRVIEW FARMS,
FAIRVIEW FARMS 2,
FIRST TEE 8 AT KILEY RANCH,
NORTHGATE 16F,
GRAND SUMMIT,
LEARENO ESTATES 1,
SILVER SHORES 1,
EAST RENO HEIGHTS,
PRATER ADDITION TO SPARKS,
WINGFIELD SPRINGS 17D,
RANCHO SAN RAFAEL TOWNHOMES PHASE 1 UNIT 2,
SIXTH AVENUE PARK,
HIDDEN SPRINGS 1,
LANCER ESTATES 6,
WESTPOINT 2,
DEL RIO LANE,
SBE @ SOMERSETT,
SOMERSETT VILLAGE 5B,
SIERRA CANYON AT SOMERSETT VILLAGE 6,
CENTURY GLEN 1,
SIERRA MEADOWS 6,
SIERRA MEADOWS 4,
GOLDEN,
SUNRISE CREEK 2,
PANGI RANCH 5,
KELLY RANCH ESTATES,
SPRINGVALE 1A,
ROLLING HILLS HIGHLANDS 6,
AMPHITHEATER 6,
THE FOOTHILLS AT WINGFIELD VILLAGE 2,
JUNIPER TERRACE MOBILE HOME ESTATES 2,
VIRGINIA LAKESHORE TOWNHOUSES,
GALENA TERRACE 6,
GALENA TERRACE 8,
GALENA TERRACE 9,
MESA MEADOWS,
ST JAMES`S VILLAGE 1B,
MORRILL`S ADDITION,
ELQUIST ESTATES,
WARD`S ADDITION,
HERITAGE ON THE GREEN 2,
HERITAGE ON THE GREEN 1,
SPANISH SPRINGS VILLAGE 2,
VISTA DEL ORO 5A,
SUN ACRES 2,
SPRING CREEK 1B,
SIERRA HEIGHTS 3C,
SILVERADO RANCH ESTATES 3 PHASE 2,
SIERRA VIEW HOMES,
NORTHGATE 3N,
RENO PARK ESTATES 2B-1,
RENO PARK ESTATES 2B-2,
RENO PARK ESTATES 2B-3,
LEWIS HOMES SPARKS 7C,
LEWIS HOMES SPARKS 7B,
FIELDCREEK RANCH 4,
FIELDCREEK RANCH 7,
FIELDCREEK RANCH 5,
FIELDCREEK RANCH 10,
FIELDCREEK RANCH 2,
FIELDCREEK RANCH,
FIRENZE @ D`ANDREA PHASE 2,
FIRENZE @ D`ANDREA PHASE 4,
THOMAS CREEK HEIGHTS,
SIERRA MANOR,
LINCOLN PARK,
CRAMPTON ADDITION,
VILLA COURT ADDITION,
MCCARTHY`S ADDITION,
STEINER TRACT,
MARSHALL`S ADDITION,
3E @ SOMERSETT,
TRADITIONS AT CAUGHLIN RANCH 1,
TRADITIONS AT CAUGHLIN RANCH 3,
TRADITIONS AT CAUGHLIN RANCH 2,
HUNTER LAKE TOWNHOUSES,
STONEBROOK ESTATES,
DRISCOLL HILLS,
DRISCOLL HILLS 2,
HEATHERIDGE,
RIVER MOUNT PARK ANNEX,
MONTREUX 3,
LAKERIDGE 3,
DOUBLE DIAMOND RANCH VILLAGE 3,
GLENWOOD ESTATES 3,
ARROWCREEK 12B,
SIERRA HEIGHTS 6A,
SIERRA HEIGHTS 6B,
DONNER SPRINGS 4,
SKYLINE HEIGHTS 7,
PYRAMID RANCH ESTATES 3A,
HIGHLAND VISTA,
MILL CREEK ESTATES,
SKYLINE HEIGHTS 4A,
NEW WASHOE CITY 6,
SAPPHIRE RIDGE PHASE 1,
WILLOW CREEK STATION 7B-2,
GLEN MEADOWS VILLAGE,
STONE CREST PHASE 5,
PANGI RANCH 6,
SILVER SHORES 33,
VISTA DEL ORO 3,
GREEN BRAE TERRACE ADDITION 16,
CLARIDGE POINTE ON THE GREEN,
MEADOW CREEK ESTATES 1B,
MEADOW CREEK VILLAGE 1,
MEADOW CREEK VILLAGE 2,
CASAZZA RANCH ESTATES 5,
PINE CREEK,
SILVERADA 3,
EAGLE RIDGE 2 PHASE 1,
EAGLE RIDGE 2 PHASE 2,
CASTLE RIDGE 7,
PYRAMID RANCH ESTATES 5B,
PYRAMID RANCH ESTATES 5D,
ELMCREST HEIGHTS 2,
ELMCREST HEIGHTS 4,
ELMCREST HEIGHTS 1,
ELMCREST HEIGHTS 3,
WILLOW CREEK STATION 13,
SOUTH VISTAS 5,
IRONHORSE VILLAGE 2 CONDOMINIUMS,
SPRINGWOOD 1,
CURT RANCH 2 UNIT 9,
SILVERADO RANCH ESTATES 6 & 7,
WILLOW RANCH PHASE 1 @ SOMERSETT,
EVANS NORTH ADDITION,
EVANS NORTHEAST ADDITION,
SIERRA CANYON AT SOMERSETT VILLAGE 3,
FAIRFIELD HEIGHTS,
FLAGG,
MANOR KNOLL,
FITCH,
LEWIS HOMES SPARKS 12B,
TRUCKEE MEADOWS DEVELOPMENT MOBILE HOME ESTATES,
JUNIPER TERRACE MOBILE HOME ESTATES 6A,
INCLINE PINES,
SKI LANE BITTERBRUSH 1,
SKI LANE BITTERBRUSH 2,
ARROWCREEK VILLAGE 2B,
STONE CREEK PHASE 9,
ROBERT`S 1,
GALENA TERRACE ESTATES 2,
EVANS CREEK ESTATES 3,
NANCY HEIGHTS 2,
NANCY HEIGHTS 3,
FAIRWAY WOODS 1,
ROSEWOOD LAKES 2,
ROSEWOOD LAKES 4,
LEWIS HOMES SPARKS 3,
LEWIS HOMES SPARKS 12I,
LEWIS HOMES SPARKS 12Q,
LEWIS HOMES SPARKS 12K,
THOMAS CREEK ESTATES 2C,
THOMAS CREEK ESTATES 1,
FIELD STREET TOWNHOUSES,
THE CREST AT STONEFIELD PHASE 1 UNIT 3,
NORTHSTAR RANCH PHASE 2,
NORTHSTAR RANCH PHASE 3,
WEDGE MEADOWS 1,
WHITES CREEK ESTATES 2,
WEDGE MEADOWS 3,
OFFENHAUSER ADDITION SOUTH HILLS ESTATES,
ARROWCREEK 22,
WOODLAND VILLAGE PHASE 4,
4G @ SOMERSETT,
SADDLEHORN SOUTH PHASE 7,
WINGFIELD SPRINGS 4A,
ROCK HILL 2,
STONEHAVEN ACRES,
SIERRA ESTATES,
LEMMON VALLEY ESTATES 3,
EDMONDSON,
WOODMERE INCLINE,
INCLINE VILLA,
MAYBERRY PARK,
GOLDEN TERRACE,
MOGUL MEADOWS 3B,
NORTHGATE 17F,
NORTHGATE 17D,
DOUBLE DIAMOND RANCH VILLAGE 24B,
LETT`S ADDITION TO VERDI,
VERDI BLOCK M,
THE SUMMIT TOWNHOMES,
STONE CREEK PHASE 7,
GALENA CANYON 1,
HEATHER,
SIERRA LOMA 2,
ROCKY RIDGE,
MOUNTAIN VIEW ESTATES 1A,
SILVERADO RANCH ESTATES 8,
GATOR PARK 1,
SUNRISE AT WHITES CREEK,
LEWIS HOMES SPARKS 12J,
SKYLINE HEIGHTS 6,
SKY COUNTRY ESTATES 7,
SIMON 1,
DEER CREEK 3 CONDOMINIUM,
EASTRIDGE 2,
GLENROCK,
COTTONWOOD CREEK ESTATES 2,
SATELLITE HILLS 3A,
SATELLITE HILLS 2C,
SATELLITE HILLS 2B,
SEDONA VILLAGE 1,
DONNER SPRINGS 5,
SKY VISTA VILLAGE 1B,
SKY COUNTRY ESTATES 4,
SKY COUNTRY ESTATES 3,
SKY COUNTRY ESTATES 8,
NORTHMORE PARK,
SIERRA HEIGHTS 1,
GREEN BRAE TERRACE WESTERLY ADDITION D,
GREEN BRAE TERRACE WESTERLY ADDITION B,
GREEN BRAE TERRACE WESTERLY ADDITION A,
GREEN BRAE TERRACE 9,
GREEN BRAE TERRACE 7,
GREEN BRAE TERRACE 8,
BROOKS 1,
GREEN BRAE TERRACE ADDITION 19,
COIT HEIGHTS 4C,
SKY VISTA VILLAGE 11A,
KARA MIA CONDOMINIUMS PHASE 2,
KARA MIA CONDOMINIUMS PHASE 1,
VIEW CREST,
WASHINGTON HEIGHTS,
TRUCKEE PARK 2,
PRAY ADDITION,
MARINA WATERFRONT CONDOMINIUMS,
MARINA VILLA CONDOMINUMS,
LEWIS HOMES SPARKS 12R,
WEST PLUMB LANE ESTATES 3,
SILVER KNOLLS ESTATES 2,
STONE CANYON PHASE 8,
SILVER LAKE 1A,
SILVER LAKE 1C,
SILVER LAKE 2,
ARROWCREEK VILLAGE 4 UNIT 2,
FRANK`S LANE,
SATELLITE HILLS 2E,
INDUSTRIAL PARK,
STANFORD FREEPORT,
EAGLE CANYON 2 UNIT 7,
WINGFIELD SPRINGS 12,
BRUCE 3,
SUN VALLEY 3,
GREEN BRAE TERRACE ADDITION 18,
NORTHGATE 12C,
LEWIS HOMES SPARKS 2,
CENTURY GLEN 3,
THE FOOTHILLS AT WINGFIELD VILLAGE 7A,
GOLDEN MEADOWS 2,
COTTONWOOD CREEK ESTATES 1,
COTTONWOOD CREEK ESTATES 3,
COTTONWOOD CREEK ESTATES 4,
COTTONWOOD CREEK ESTATES,
STERLING RANCH 2,
WILLOW CREEK STATION 7B-1,
WINGFIELD SPRINGS 10A,
GALENA TERRACE 7,
PINE TREE RANCH 3,
LEMMON VALLEY ESTATES 2,
GYPSUM PLACE,
RENO DAWN CONDOMINIUMS,
EDGEWATER 5,
EDGEWATER 7,
RIM ROCK ESTATES SUN VALLEY,
EAGLE CANYON 2,
ARROWCREEK VILLAGE 4 UNIT 3,
SIERRA HIGHLANDS 6,
SIERRA HIGHLANDS 3,
SPRING CREEK 1A,
LEMMON VALLEY ESTATES,
LEMMON VALLEY ESTATES 4,
GALENA MEADOWS PHASE 2,
VISTA DEL ORO 2,
MEADOWLANDS 2C,
BELVEDERE,
AMPHITHEATER 1,
NORTHGATE 5C,
BRIDLE PATH HOMES 6,
FIRST TEE 9 AT KILEY RANCH,
CENTURY GLEN 2,
REWANA 1,
KING`S VIEW ESTATES 1,
DOUBLE DIAMOND RANCH VILLAGE 14B,
ROBERT`S 2,
ROBERT`S 4B,
VISTA HEIGHTS SOUTH 6,
KNOLL CREST ACRES,
KNOLLCREST,
MONTE VISTA ESTATES,
GREEN BRAE TERRACE WESTERLY ADDITION J,
SPRING MANOR,
PARKWOOD ESTATES 2,
PARKWOOD ESTATES 1,
SIERRA ESTATES 1B,
NORTHGATE 11C,
WEST ROSE PARK 5,
SKYLINE VIEW,
GRANATA-CAFFERATA,
DESERT HIGHLANDS 2 & 5,
VISTA HEIGHTS SOUTH 5,
CANYON HILLS 1C,
SIERRA HIGHLANDS 4 PHASE 1B,
ARROWCREEK VILLAGE 2A,
THE GREEN RANCH 1,
GREENFIELD BLOCK B,
HILLBORO 3,
HUYCK,
GREEN BRAE TERRACE,
GREEN BRAE TERRACE ADDITION 12,
SEVERN HEIGHTS 1,
HARDING WAY,
HARVEY,
MONTCLAIR VILLAS,
VILLAGE GREEN,
COUNTRY CLUB HOMES,
CEDARCREST,
FAIRWAY PINES,
CHATEAU APARTMENTS,
NANCY HEIGHTS 1,
NIGHTINGALE MANOR PHASE 1,
LAKE HILLS 2,
TRIPLE CROWN 2,
BRUCE,
SUN VALLEY 6,
DOUBLE DIAMOND RANCH VILLAGE 6C,
LAKERIDGE SPRINGS 5,
SPRING CREEK 3B,
SUNSET BLUFFS,
GRAND VIEW,
COUNTRY CLUB ESTATES 1,
WILDCREEK BUSINESS PARK CONDOMINIUMS,
WESTPOINT 1,
SADDLEHORN SOUTH PHASE 5,
PEAVINE VIEW ESTATES 8,
SMALLEY ESTATES,
JUNIPER TERRACE MOBILE HOME ESTATES 7,
STEARNS,
MARTIN`S ADDITION,
LITCH ADDITION,
NORTHGATE 1D,
JUNIPER TRAILS 7-B,
JUNIPER TRAILS 6,
RENO PARK ESTATES 2B-5,
HIDDEN MEADOWS 4A,
HIDDEN MEADOWS 3A,
HIDDEN MEADOW 3B,
VISTA HEIGHTS SOUTH 4,
EVANS PARK 6,
SAGE POINT 4,
VISTA HEIGHTS NORTH PHASE 2B,
SATELLITE LANDS 1,
PYRAMID PARK 3,
NORTHGATE 12E,
GIANOLI,
EVANS PARK 4,
EVANS PARK 5,
ARROWCREEK 20,
ARROWCREEK 24B,
ARROWCREEK 16,
ARROWCREEK 24A,
WHISPERING SPRINGS CONDOMINIUMS,
WILLOW CREEK EAST 2,
CARRIAGE MEADOWS ESTATES,
TYLER WAY TOWNHOUSES,
PYRAMID PARK 1,
WEST PLUMB LANE ESTATES 1,
MAYBERRY MEADOWS 3,
CRYSTAL PEAK ESTATES,
GREEN BRAE TERRACE ADDITION 1,
HIDDEN CANYON 5,
LAKEWOOD ESTATES,
HIDDEN VALLEY 4,
CLEAVIEW HEIGHTS,
WINGFIELD SPRINGS 24C PHASE 1,
WINGFIELD SPRINGS 24C,
WINGFIELD SPRINGS 24A,
SAGE,
SURPRISE VALLEY RANCHOS PHASE 1A,
CORONET 1,
SPRING CREEK 3E,
MEADOWVIEW 1,
PANTHER VALLEY ESTATES,
COTTONWOOD ESTATES,
ROYAL HEIGHTS 3,
GRAND VIEW HEIGHTS,
SIERRA RANCHO PARK,
NEW SUNNYSIDE ADDITION,
CLOVERDALE HEIGHTS,
KILEY RANCH 1 PHASE 2,
LAKERIDGE SHORES 1,
ROCK HILL 1,
RYLAND`S ADDITION,
ARROWCREEK 13,
SKY RANCH NORTH 2j,
LIGHTNING `W` RANCH FRANKTOWN UNIT,
STONE CREEK PHASE 1 AT HIGHLAND RANCH NORTH,
MORTENSON TRACT,
SILVERGATE 1,
HOMBRE WAY,
COUNTRY CLUB HEIGHTS,
HUFFAKER ESTATES,
MCCLOUD CONDOMINIUMS,
HYATT VACATION CLUB,
INCLINE WAY FINANCIAL CENTER CONDOMINIUMS,
PARK PLACE,
WINGFIELD PARK,
PARK TOWERS,
JUNIPER RIDGE 2,
ST JAMES`S VILLAGE 2A,
NADIA COURT,
PYRAMID RANCH ESTATES 4B,
PINE TREE RANCH 4,
PINE TREE RANCH 6,
LEWIS LAKESIDE 5,
LEWIS LAKESIDE 1,
BROOKSIDE LAKES 1C,
2E @ SOMERSETT,
FIRST TEE 4 AT KILEY RANCH,
FIRST TEE 7 AT KILEY RANCH,
LEWIS HOMES SPARKS 5A,
WARREN ESTATES 1,
NORTHGATE 8C,
NORTHGATE 12B,
SKY RANCH 1B,
BROOKSIDE LAKES 1A,
SHADOW HILLS 1,
SAGEWOOD ESTATES 1,
SAGEWOOD ESTATES 3B,
SAGEWOOD ESTATES 3A,
HAYDON-SHOEMAKER ADDITION,
HOLCOMB CONDOMINIUMS,
CAMPBELL CONDOMINIUMS,
SKY VISTA VILLAGE 1A,
SAGEWOOD ESTATES 2,
SCENIC PARK,
ARLINGTON HEIGHTS,
MEADOW CREEK ESTATES 2A,
HYDE PARK,
SIERRA HIGHLANDS 2B,
WINGFIELD SPRINGS 16,
PONDEROSA 4,
SMITHRIDGE GREEN 2,
WHEELERS ADDITION TO VERDI,
JAN-MOR,
HIDDEN VALLEY ESTATES 2,
HIDDEN VALLEY 3,
HIDDEN VALLEY 2,
WASHOE MEADOWS,
HIDDEN CANYON 4A,
BROOKSIDE LAKES 1B,
HIGHLINE,
VERDI SIERRA GLEN,
HILLVIEW TERRACE,
LEWIS HOMES SPARKS 11,
NORTH SPRINGS ESTATES CIMARRON WEST PHASE 1,
PALMWOOD,
TRUCKEE PARK 3,
THE VILLAGE AT IDLEWILD PARK,
IDLEWILD RIVERFRONT CONDOMINIUMS 2,
IDLEWILD RIVERFRONT CONDOMINIUMS,
RIVERINE TOWNHOUSES,
PARKSIDE,
FRANKTOWN HILLS 2,
FRANKTOWN HILLS 1,
SIERRA VALLEY ESTATES,
CRESTVIEW HEIGHTS,
NORTHRIDGE,
PEAVINE VIEW ESTATES 5,
SILVER SHORES 26,
TURTLE CREEK II,
LANCER ESTATES 4,
STONE CREEK PHASE 6,
MK FULLER,
THE FOOTHILSS AT WINGFIELD VILLAGE 9,
THE FOOTHILLS AT WINGFIELD VILLAGE 12,
THE FOOTHILLS AT WINGFIELD VILLAGE 3A,
SHARON HILL 2,
SHARON HILL 1,
SHARON HILL 3,
SHARON HILL 9,
DOUBLE DIAMOND RANCH VILLAGE 6B,
BARNARD ADDITION,
GREEN BRAE TERRACE ADDITION 3,
GREEN BRAE TERRACE 2,
GREEN BRAE TERRACE ADDITION 11,
YORKTOWN,
DIAMANTINE TERRACE,
STODDARD ADDITION,
RIVERSIDE TERRACE CONDOMINIUMS,
FOREST PINES 1,
INCLINE PINNATE,
COEUR DU LAC,
VILLAGE HIGHLANDS,
FOREST PINES 2,
VILLAGE HIGHLANDS 2,
FREDERICK ADDITION,
GREEN BRAE TERRACE ADDITION 4,
UNIVERSITY HEIGHTS 4,
SAGEHEN HILL,
LANCER ESTATES 5,
KINGVIEW,
SOUTHWEST VISTAS,
SKY RANCH 1A,
GLENWOOD ESTATES 2,
BEAR CREEK,
SILVERGATE 2,
SILVERGATE 3,
PEARL TERRACE MOBILE HOME ESTATES,
RENO PARK ESTATES 2B-4,
BELLEVUE ESTATES 5,
ROYAL HEIGHTS 1,
THE CREST AT STONEFIELD PHASE 1 UNIT 2,
SHARON HILL 5,
LAKERIDGE 1,
MATTSON,
JON 2,
JON 1,
GREEN BRAE TERRACE ADDITION 5,
GREEN BRAE TERRACE ADDITION 6,
GREEN BRAE TERRACE ADDITION 10,
SKY VISTA VILLAGE 11C,
VALLEY VIILAGE 6,
KILEY RANCH 2 PHASE 2,
SIERRA HIGHLANDS 9A,
HATCHS SOUTHEAST ADDITION,
RECTOR TRACT,
MAJESTIC RANCH ESTATES 2A,
DOUBLE DIAMOND RANCH VILLAGE 29B,
LEWIS HOMES SPARKS 12C,
SILVERADA 5,
PINE MEADOWS,
SOUTHWEST VISTAS 7,
SOUTHWEST VISTAS 4A,
WEST ROSE PARK 2,
WEST ROSE PARK 1,
WEST ROSE PARK 3,
MANZANITA WEST 3,
ROBERT`S 3,
MARCEL,
GREEN BRAE TERRACE ADDITION 14,
MEDALLION ESTATES 2,
SCHILLING 1,
SIERRA HEIGHTS 7,
STONE CREEK PHASE 3 AT HIGHLAND RANCH NORTH,
SIERRA CEDARS CONDOMINIUMS,
KELLER ESTATES,
VISTA RIDGE 6,
STONE CANYON PHASE 6,
WINDMERE 1,
SILVERADO RANCH ESTATES 5 PHASE 4,
SILVERADO RANCH ESTATES 5 PHASE 1,
SILVERADO RANCH ESTATES 5 PHASE 3,
GALENA PINES,
VALLEY VILLAGE 5,
HAMLIN,
YORKSHIRE MANOR,
SAVONA @ D`ANDREA,
MAYO,
WILDCREEK GOLF VILLAS 1,
ASPEN WOODS,
VISTA DEL ORO 1,
ST JAMES`S VILLAGE 1E,
MEADOWRIDGE 1C,
STRANG,
ROSEVIEW 2,
MEADOW CREEK ESTATES 2E-1,
MEADOW CREEK ESTATES 2B,
MAYBERRY MEADOWS 4A,
MEADOWRIDGE 1A,
MEADOWLANDS 3,
HIDDEN MEADOWS 1,
MEADOW STAR,
JUNIPER RIDGE 3,
LUTHERAN,
SADDLEBACK 1,
MESA MEADOWS 1,
VISTA RIDGE 1,
THE SOUTHERN EDGE,
JUNIPER TERRACE MOBILE HOME ESTATES 3,
MILANO/NOVARA @ D`ANDREA,
COMSTOCK,
THE CEDARS,
MEADOW WOOD PARK,
MEADOWVALE 10,
MEADOWVALE 2,
TOSCANA @ D`ANDREA 7C,
SIERRA ESTATES 4B,
SPANISH VIEW ESTATES,
WASHOE SIERRA 2,
CAPITOL HEIGHTS 1,
MONTEREY PARK,
SKY VISTA VILLAGE 11D,
MEADOW VIEW TERRACE 7,
SCENIC TERRACE,
SCENIC TERRACE 2,
PEAVINE VIEW ESTATES 6,
FERRARA @ D`ANDREA,
MERCHANT COURTS,
TERRAVIEW,
HIDDEN VALLEY 6,
MIL DRAE COUNTRY ESTATES,
GALENA FOREST ESTATES 2E PHASE 2,
WINTERCREEK 2,
SHAFF`S,
MINERS RIDGE,
MOGUL HIGHLANDS 2B,
NORTH SPRINGS ESTATES PHASE 1,
MONTREUX 2,
SILVER SHORES 23,
SILVER SHORES 19,
SILVER SHORES 6B,
SILVER SHORES 6A,
SILVER SHORES 6C,
MORRILL-SMITH ADDITION,
LEETE SYNDICATE ADDITION,
DOWNTOWN SERVICE CENTER,
MOUNT CHARLESTON PHASE 1,
SIERRA VIEW ESTATES 1,
SIERRA HIGHLANDS 2A,
DONNER CREEK VILLAGE,
PYRAMID RANCH ESTATES 3B,
ROYAL HEIGHTS 2,
SIENA 2,
SIENA 1,
UNIVERSITY HEIGHTS 2 PHASE 6,
NEWPORT HEIGHTS,
MESA MEADOWS 6,
SOUTHWEST VISTAS 2,
SILVER VISTA VILLAGE,
SKY RANCH NORTH 2C,
SKY RANCH NORTH 2E,
MEADOW VIEW TERRACE 2,
MARKRIDGE SOUTHWEST,
MARKRIDGE,
SPYGLASS ESTATES 2,
HOME ORCHARD,
REDELIUS,
LEWIS HOMES SPARKS 5B,
WATT LANDING CONDOMINIUMS,
SKY VISTA VILLAGE 11B,
MAYBERRY ESTATES 2,
MAYBERRY PLACE,
MAYBERRY TOWNHOUSES,
FERTILE ACRES,
ARROWCREEK 27,
AUTUMN RIDGE PHASE 2 @ SOMERSETT,
TOSCANA @ D`ANDREA 6A,
THE CREST,
SILVER TERRACE 2  PHASE 2,
SILVER TERRACE 2 PHASE 1,
SIERRA CANYON AT SOMERSETT VILLAGE 7,
DONNER SPRINGS 2B,
HERON`S LANDING 1,
BROOKSIDE LAKES 1D,
STONE CREEK PHASE 5,
REINMILLER,
FERRARIS ADDITION,
PATTON-FREDERICK ADDITION 1,
SPANISH SPRINGS VILLAGE 3,
MORGAN POINTE @ SOMERSETT,
LEWIS HOMES SPARKS 12S,
HAMPTON COURT ESTATES,
SUN ACRES 1,
MOGUL HIGHLANDS 3C,
CORONET 4,
SADDLEHORN 1,
WOODLAND VILLAGE PHASE 13,
SILVER SHORES 10,
LANCER ESTATES 3,
LANCER ESTATES 10,
SUNRIDGE,
MT ROSE BOWL 1,
THE RESERVE AT MONTE ROSA 1,
GREEN BRAE TERRACE ADDITION 15,
TRIANGLE VILLAGE,
NEVADA HILLS COOPERATIVE APARTMENTS,
LEWIS HOMES SPARKS 12L,
NORTH LAKE,
SIERRA ESTATES 4D,
NORTHWOOD ESTATES,
NORTHWOOD VILLAGE CONDOMINIUMS,
CLUB TAHOE,
THIRD CREEK,
GOLF COURSE VILLAS,
CHALETS,
CHALETS 2,
THE POINTE AT THIRD CREEK,
PYRAMID RANCH ESTATES 5C,
DOUBLE DIAMOND RANCH VILLAGE 2A,
SURPRISE VALLEY 2A,
ROSEPARK 2,
SKYLINE HEIGHTS 1,
MEADOWVALE 6,
SILVER KNOLLS ESTATES 1,
SKY VISTA VILLAGE 7B,
THE MEADOWS 2 CONDOMINIUMS,
PARKVIEW CREST 1,
PECKHAM GARDENS,
WINGFIELD SPRINGS 13D PHASE 2,
NORTHRIDGE HEIGHTS 5,
SHADOWBROOK,
BRADY,
VILLAGE GREEN 1,
WINGFIELD SPRINGS 27 PHASE 1,
WASHOE TERRACE,
SADDLEHORN 8,
THE VISTAS 1B UNIT 2,
THE VISTAS 1B UNIT 1,
THE VISTAS 1B UNIT 3,
NORTHERN LIGHTS 5,
LEWIS HOMES SPARKS 4,
PONDEROSA 3,
RIDGEVIEW 1,
RIDGEVIEW 3,
RIVER RUN 1,
CANYON PINES PHASE 2,
CANYON PINES PHASE 3,
RIDGEVIEW 4,
CLARKSON,
WINGFIELD SPRINGS 27 PHASE 2,
3A @ SOMERSETT,
3K @ SOMERSETT,
PYRAMID RANCH ESTATES 1,
SPRING CREEK 3D,
PONDEROSA 1,
SHADOW GLEN ESTATES 4,
TRIPLE CROWN 6,
SKY VISTA VILLAGE 7A,
HIDDEN MEADOWS SOUTH,
SAGEHEN HILL 2 PHASE 1,
ARROWCREEK VILLAGE 4A,
JUNIPER RIDGE 4,
VILLAGE ON THE RIVER PHASE 1,
LEWIS HOMES SPARKS 16C-1,
LEWIS HOMES SPARKS 16C-2,
NORTHSTAR RANCH PHASE 4,
HILLSDALE,
CUTLER,
SPRING CREEK 2B,
SPRING CREEK 3A,
SOMERSETT TOWN CENTER RESIDENTIAL PHASE 3,
NORTHWEST VILLAS 3,
NEUENSCHWANDER,
NORTHGATE 3L,
O-LEN ESTATES,
LAKERIDGE HEIGHTS,
PASCUS,
WILLIAMSBURG APARTMENT HOMES 1,
LAKESIDE RANCH ESTATES PHASE 1,
LAKESIDE RANCH ESTATES PHASE 2,
NORTHSTAR RANCH PHASE 1,
ROYAL PINES,
SOUTHWOOD 1,
VILLAGE COURT,
SOUTHWOOD 2,
THE MEADOWS 3,
MESA MEADOWS 3,
GREENVIEW,
WESLEY ESTATES,
SHADOW GLEN ESTATES 5,
INDUSTRIAL 1,
CASAZZA RANCH ESTATES PHASE 4,
CASAZZA RANCH ESTATES PHASE 2,
CASAZZA RANCH ESTATES PHASE 3,
SJ RANCH 2,
MEADOW CREEK ESTATES 1A,
VISTA LA JOLLA,
MISHLER,
INCLINE BEACH,
SIERRA HIGHLANDS 7,
WHISPERING PINES,
SILVERADO RANCH ESTATES 3 PHASE 3,
MEADOWVALE 7C,
MEADOWVALE 7A,
NORTHGATE 16H,
SADDLEHORN 4,
THE PINNACLES PHASE 1,
PANGI RANCH 2,
PANGI RANCH 3A,
TREVISO @ D`ANDREA,
EVANS PARK 1,
EVANS PARK 2,
PARKLAND 1,
SADDLEHORN SOUTH PHASE 6,
STROBLE,
EAGLE CANYON 4 UNIT 2,
DONOVAN RANCH PHASE 1,
STRADA FIORITA,
WOODRIDGE 1,
PONDEROSA 2,
SADDLEHORN 5,
SADDLEHORN 2,
HUYCK EAST ADDITION,
CANTLON TRACT,
SUTTER HILL,
SADDLEHORN SOUTH PHASE 3,
STERLING RANCH 3,
RAVAZZA RANCH 1,
PALOMA,
WILLOW CREEK STATION 10,
RIVER PINES,
1200 RIVERSIDE DRIVE,
WILKINSON 5,
SILVERADO RANCH ESTATES 11 PHASE 1,
HIGHLAND PLACE,
SAPPHIRE RIDGE PHASE 2,
GRANITE RIDGE PHASE 2,
EAGLE CANYON 3 UNIT 1A,
SKY COUNTRY ESTATES 6,
WINGFIELD SPRINGS 7,
MAYBERRY ESTATES,
SIERRA HIGHLANDS 5,
SIERRA HIGHLANDS 10,
VIRGINIA FOOTHILLS 5,
VIRGINIA FOOTHILLS 2,
VIRGINIA FOOTHILLS 1,
LEARENO ESTATES 5,
3C @ SOMERSETT,
STEAMBOAT SPRINGS ESTATES 2,
LEWIS LAKESIDE 2,
VILLAGIO DELLA MONTAGNA PHASE 1,
TRIPLE CROWN 1,
RIVER PARK 1,
RIVERDALE 1,
THOMAS CREEK ESTATES 3A,
NORTH POINT,
LAKE COUNTRY ESTATES PHASE 1,
PEEPSIGHT MANORS,
MAZZONE ESTATES 1,
GALENA FOREST ESTATES 2C,
SKY COUNTRY ESTATES 2,
SUNSET VIEW RANCHO ESTATES,
SUNSET VIEW RANCHO ESTATES 2,
WILLOW CREEK STATION 9,
GREEN BRAE TERRACE WESTERLY ADDITION D1,
SIERRA SAGE ESTATES,
BENGOECHEA,
EVANS CREEK ESTATES 7,
RENO PARK ESTATES 2B-7,
SIERRA ROYAL MOBILE HOME,
3G @ SOMERSETT,
HIDDEN VALLEY COVE,
ROBERT`S 5,
PLUMAS SOUTH,
SALEM PLAZA,
LAKERIDGE GREEN 1,
ROCKCHUCK,
CLUB LAKERIDGE,
LAKERIDGE APARTMENTS PHASE 2,
LAKERIDGE APARTMENTS PHASE 1,
SADDLEHORN 9,
EVANS CREEK ESTATES 6,
CRYSTAL BAY PALISADES,
FOUR SEASONS CONDOMINIUMS,
PLUMM,
DOUBLE DIAMOND RANCH VILLAGE 11A,
DOUBLE DIAMOND RANCH VILLAGE 11B,
RIVER PARK 3,
RIVER PARK 3B,
RIVER PARK 4,
EDGEWATER 2,
CRESTGATE PYRAMID,
ROLLING HILLS HIGHLANDS 7,
CIMARRON 6 PHASE 2,
CURTI RANCH 2 UNIT 4,
TOWN & COUNTY VILLAGE 2,
PARK TERRACE 1,
PARK TERRACE 2,
MACKY HEIGHTS,
GOLDEN VALLEY ESTATES 1,
SHARON HILL 10,
IRONHORSE VILLAGE 1 CONDOMINIUMS,
RUSTIC MANOR,
SADDLEHORN 10,
DOUBLE DIAMOND RANCH VILLAGE 27B,
SILVER SHORES 18,
EAGLE'S NEST,
GREEN BRAE TERRACE WESTERLY ADDITION C,
MEADOW VIEW TERRACE 3B,
SCOTTSDALE VIEW,
POUCH 1,
FOOTHILL MEADOWS,
MCCARRAN KNOLLS CONDOMINIUMS,
LEWIS HOMES SPARKS 15A,
WEDGE MEADOWS 6,
SAN ANTONIO RANCH ESTATES,
DOUBLE DIAMOND RANCH VILLAGE 27A,
THE VISTAS 1A PHASE 1,
THE VISTAS 1A PHASE 3,
SATELLITE HILLS 2A,
WINES,
DAMONTE RANCH VILLAGE 11B,
DAMONTE RANCH VILLAGES 22,
DONNER SPRINGS 2C-4,
RIVERSIDE @ SOMERSETT,
GALENA CANYON 2A,
LEWIS HOMES SPARKS 6,
MESA MOBILE MANORS 1,
HIGH COUNTRY,
ELMCREST HEIGHTS 2A,
DONNER SPRINGS 7,
DONNER SPRINGS 6,
SHADOW HILLS 2,
LEWIS HOMES SPARKS 4A,
LAKE HAVEN 2,
LAKE HAVEN 3,
GREEN BRAE TERRACE WESTERLY ADDITION F,
ROLLING HILLS HIGHLANDS 5,
DOUBLE DIAMOND RANCH VILLAGE 11C,
ROSE CREEK,
ROYAL SAGE 5,
SALEM MANOR,
THE VISTAS 1A PHASE 2,
PEAVINE HEIGHTS 3,
NORTHGATE 16A,
NORTHGATE 16B,
SIERRA HEIGHTS 3E,
ROSEPARK 3,
SHADOW LANE,
NORTH SPRINGS ESTATES CIMARRON WEST PHASE 2,
SHANGRI-LA,
ARLINGTON PARK,
CURTI RANCH 1,
LAKESHORE 1,
QUAIL VALLEY IN THE PINES PHASE 1,
SIERRA HIGHLANDS 11,
CANTABRIA TOWNHOMES,
SUNRISE CREEK 3,
SKY MOUNTAIN ESTATES,
SOUTHWEST ESTATES 1,
LANCER ESTATES 2,
LANCER ESTATES 1,
LANCER ESTATES 9,
SADDLEHORN 11,
SADDLEHORN 6,
NORTHGATE 15B,
SOMERSETT TOWN CENTER RESIDENTIAL PHASE 4,
LAKERIDGE SPRINGS 4,
ARROWCREEK 14,
MOBILE GLEN 1,
LEWIS HOMES SPARKS 12P,
SMITH,
UNIVERSITY RIDGE 2,
UNIVERSITY HEIGHTS 2 PHASE 2,
UNIVERSITY RIDGE 7 & 9 PHASE II,
VISTA RIDGE 2A,
FOREST FLOWER,
SIERRA BOUQUET,
ALTA VILLAGE WEST,
CREEKSIDE EAST,
PINEWOOD CONDOMINIUMS,
HIGH SIERRA CONDOMINIUMS,
SEACAP VILLAS,
BROOKSTONE,
SOUTHWOOD PINES,
CREEKSIDE WEST,
VILLAS AT SOUTHWOOD,
THE VINTAGE AT INCLINE,
SOUTHWOOD GLEN,
VILLAGE PINES,
CREEKSIDE,
MOUNTAIN HOUSE,
SOUTHWOOD COURT,
SOUTHWOOD SHADOWS,
FIELDCREEK RANCH 12B,
NORTH HAVEN PARK,
MEADOW VIEW TERRACE 3A,
GALENA VILLAGE PARCEL A PHASE 2,
STONE CORRAL COURT,
TYROLIAN VILLAGE 5,
CASITAS DE LA SIERRA,
SKY VISTA COMMONS,
WINGFIELD SPRINGS 17C,
MOUNTAIN SHADOWS INCLINE 6,
MOUNTAIN SHADOWS INCLINE 5,
MOUNTAIN SHADOWS INCLINE 7,
MOUNTAIN SHADOWS INCLINE 1,
MOUNTAIN SHADOWS INCLINE 2,
MOUNTAIN SHADOWS INCLINE 3,
MOUNTAIN SHADOWS INCLINE 4,
MOUNTAIN SHADOWS INCLINE 8,
MOUNTAIN SHADOWS INCLINE 9,
SKI WAY VILLAS,
ALPINE TERRACE,
FIELDCREEK RANCH 1B,
FIELDCREEK RANCH 12A,
WINGFIELD SPRINGS 22,
SKYLINE HEIGHTS 2,
SKYLINE HEIGHTS 5,
ARROWCREEK VILLAGE 1B,
ROSEPARK 1,
JUNIPER TERRACE MOBILE HOME ESTATES 4,
BERNARD,
PLUMB POINT,
SUNRIDGE VILLAGE 1,
DESERT VIEW,
EASTLAND HILLS 3,
SILVERADA 4,
SILVER SHORES 15,
SILVER CREEK ATTACHED HOMES,
RIVERDALE 2,
MOSAIC CONDOMINIUMS,
HIDDEN VALLEY ESTATES 1,
SKYLINE VILLA TOWNHOUSES,
VISTA DEL SUR,
VISTA HEIGHTS NORTH PHASE 3,
EAGLE CANYON 3 UNIT 1B,
LAKERIDGE SHORES EAST 2B,
SADDLEHORN SOUTH PHASE 4,
SADDLEHORN SOUTH PHASE 2,
WEST PLUMB LANE ESTATES 4,
SCOTCH PINES ESTATES,
PEBBLE CREEK 5,
SEVERN VIEW,
VALLEY VIEW HEIGHTS,
SHEFFIELD VILLAGE,
SILVER STATE COURT,
SOMERSET ESTATES,
SURPRISE VALLEY RANCHOS PHASE 1B,
GOLDEN VALLEY ESTATES 2A,
TANAMERA PHASE 1,
TANAMERA PHASE II,
PALISADES SOUTH CONDOMINIUMS,
BELLA VISTA VILLAGE A UNIT 1,
SPOKANE PLAZA,
THE VINEYARDS VILLAGES 2 AND 3,
SPRINGLAND VILLAGE 1A,
VALLEY HI ESTATES,
SUNRIDGE VILLAGE 3,
PJ KELLY`S RANCH,
GIBBONS ESTATES,
ROLLING HILLS HIGHLANDS 3,
ROLLING HILLS HIGHLANDS 4,
BELLEVUE RANCHES 1,
SUNRIDGE VILLAGE 2,
SPRINGLAND VILLAGE 4,
SPRINGLAND VILLAGE 5,
SILVERADO RANCH ESTATES 4C,
SILVERADO RANCH ESTATES 4B,
WINGFIELD SPRINGS 19A PHASE 1,
WINGFIELD SPRINGS 19A PHASE 2,
SUNRISE CREEK 1,
LAUREL PARK 2,
LIBERTY HILLS ESTATES,
LANCER ESTATES 11,
PLUM TREE PLAZA,
WHITE ROSE ESTATES PHASE 1,
TITLIST MANOR,
VILLAS AT LAKERIDGE 3,
CIMARRON 9 PHASE 1,
NORTHGATE VILLAGE 2,
LEWIS HOMES SPARKS 12G,
WILLOW CREEK STATION 12,
UNIVERSITY RIDGE 7 & 9,
UNIVERSITY RIDGE 3,
UNIVERSITY RIDGE 6,
UNIVERSITY RIDGE 5,
VILLAS AT SUMMIT RIDGE,
MEADOWGATE ESTATES 2,
MALONE-DOUGLAS,
REDFIELD RIDGE CONDOMINIUMS,
TICINO @ D`ANDREA,
MOGUL MEADOWS 3A,
CREEKRIDGE SOUTH 2,
CREEKRIDGE SOUTH 3,
UNIVERSITY RIDGE 4,
GALENA MEADOWS,
BAER,
HIDDEN CANYON 3,
STONEHAVEN ACRES 2,
SPRINGLAND VILLAGE 2,
PLEASANT VALLEY RANCHOS 1,
MEADOWGATE ESTATES 1,
THE EDGE AT RENO,
CAL-NEVA HIGHLANDS 1,
ATTERBURY,
THOMAS CREEK ESTATES 2A,
STILLWATER COVE,
ROCKY POINT TRACT,
VISTA HEIGHTS NORTH PHASE 2A,
VISTA HEIGHTS NORTH PHASE 1,
NORTHGATE 11B,
BELLA VISTA RANCH VILLAGE B UNIT 1,
COUNTRY ESTATES 5,
LEWIS HOMES SPARKS 7D,
EAGLES LANDING CONDOMINIUMS,
TAHOE RACQUET CLUB,
TOEPA CONDOMINIUM,
WOODLAKE VILLAS,
LAKEWOOD SQUARE,
MT BROOK STATION CONDOMINIUMS,
SPRING MEADOWS,
RENO PARK ESTATES 2B-8,
COLD SPRINGS RANCH 1,
MCKENNA`S ADDITION,
ENGLISH MILL CONDOMINIUMS,
ARROWCREEK 32,
TOWNSITE OF SPARKS,
EIKELBERGER,
VILLAS AT LAKERIDGE 1,
VISTA HEIGHTS SOUTH 3,
VISTA RIDGE 2B,
VISTA RIDGE 5,
WILLOW CREEK STATION 7A-2,
LADERA RANCH PHASE 1,
JUNIPER HEIGHTS 2B,
VIEW CREST ESTATES,
JUNIPER HEIGHTS 2C,
DUBORG TRACT,
RIVERWALK CONDOMINIUMS,
COUNTRY ESTATES 6,
COUNTRY ESTATES 7,
CITYSIDE @ SOMERSETT,
SUN MESA PHASE 1,
BELLEVUE ESTATES 4,
NORTH SPRINGS ESTATES WILD HAWK RIDGE PHASE 3,
TOSCANA @ D`ANDREA 6B,
VIRGINIA FOOTHILLS 3,
SKYLAKE CONDOMINIUMS,
VILLAGE ESTATES,
WOODMINSTER,
INCLINE PARK,
RANCHO SAN RAFAEL TOWNHOMES PHASE 3,
RIVERDALE 3,
RAMSEY,
GARDEN HILL 1,
MOUNTAIN MEADOWS CONDOMINIUMS,
WESTERN HEIGHTS,
THOMAS CREEK ESTATES 3F,
THOMAS CREEK ESTATES 3E,
THOMAS CREEK ESTATES 3C,
THOMAS CREEK ESTATES 3B,
TAHOE PINES 2,
FLEUR DE LIS PHASE 1,
FLEUR DE LIS PHASE 2,
LEWIS LAKESIDE 4,
GARDEN HILL 2,
WILLOW HILLS 1,
SILVER SHORES 11,
CAL-NEVA HIGHLANDS 2,
GREEN BRAE TERRACE WESTERLY ADDITION E,
THE FOOTHILLS AT WINGFIELD VILLAGE 5,
THE FOOTHILLS AT WINGFIELD VILLAGE 8B,
THE FOOTHILLS AT WINGFIELD VILLAGE 8C,
THE FOOTHILLS AT WINGFIELD VILLAGE 10,
THE FOOTHILLS AT WINGFIELD VILLAGE 8A,
ANDERSON ADDITION,
RIVERFRONT LOTS,
HANSON HOMES,
GLENMANOR PHASE 1,
SOUTH VIRGINIA ROAD,
SJ RANCH 4,
EVANS NORTHWEST ADDITION,
SILVERADA 6,
THE MEADOWS 1,
RIDGEVIEW 2,
TYROLIAN VILLAGE 2,
JUNIPER HEIGHTS 2A,
NORTHGATE 7B,
MEADOWVALE 5,
MIRAMONTE PHASE 3A,
MIRAMONTE PHASE 3B,
RAVEN`S NEST,
BROADMOOR ESTATES,
GALENA JUNCTION,
FALLEN LEAF @ GALENA CONDOMINIUMS,
LEWIS LAKESIDE 3,
PEAVINE VIEW ESTATES 7,
LEWIS HOMES SPARKS 12H,
GALENA FOREST ESTATES 2A,
NORTHWEST VILLAS 1,
SIERRA HEIGHTS 7A,
GREEN BRAE TERRACE WESTERLY ADDITION G,
BARKER 2,
FIELDCREEK RANCH 1A,
UNITY,
PEAVINE HEIGHTS 1,
MEADOWVALE 7B,
DARLING MOBILE HOME ESTATES 1,
THE PRESERVE PHASE II,
THE PRESERVE PHASE 1,
