SF-6,
SF-15,
SF-9,
PUD,
SF-9  /SF-15 ,
SF-15  /SF-9 ,
IC,
MU/WRC,
MU/RTIARC  /NULL ,
SPD,
NC/WUNP,
CC/WUNP  /NC/WUNP ,
SF-6/WUNP,
MF-30  /SF-6 ,
MF-30,
SF-6  /MF-30 ,
MF-14,
MU/NVTC,
IB,
LLR-1  /SF-6 ,
SF-4,
SF-4  /LLR-2.5 ,
PO,
NC,
PF,
PF  /MF-30 ,
LLR-2.5,
OS,
LLR-1,
MF-14/WUNP,
SF-9/MH,
MF-30/WUNP,
PF/WUNP,
MU/RSARC,
I,
MU/UNRC,
SF-15/MH,
SF-6/PL,
CC,
MF-14/PL,
MF-30/PL,
SF-9/PL,
SF-4  /NULL ,
SF-4  /SF-6 ,
MU/DRRC,
AC,
CC  /AC ,
SF-15  /UT-40 ,
UT-40,
UT-40  /LLR-2.5 ,
MF-30  /SF-15 ,
MU/DRC,
MF-21/WUNP,
LLR-1  /UT-40 ,
UT-40  /LLR-1 ,
UT-40  /CC ,
UT-40  /NULL ,
MF-14  /PO ,
LLR-2.5  /SF-9 ,
SF-9  /LLR-2.5 ,
SF-6/MH,
SF-15  /I ,
MF-30/MH,
HC,
CC  /MF-30 ,
MF-30/PL  /PO ,
LLR-1/MH,
I  /SF-15  /LLR-1/MH ,
MU/W4TC,
SF-9  /SF-6 ,
MU/E4TC,
MU/DRRC  /NULL ,
SF-6  /MF-14 ,
MF-21,
PO  /MF-30 ,
CC  /PO ,
SF-6  /SF-9 ,
GFSF,
GFPO,
SF-15  /PO ,
MF-30  /SF-9 ,
SF-9  /MF-30 ,
LLR-0.5/MH,
MU/RRC,
CC  /I  /SF-15 ,
CC  /SF-15 ,
CC  /I ,
I  /CC ,
MF-14  /SF-15 ,
SF-15  /CC ,
NC  /CC ,
CC  /SF-15  /NC ,
UT-40  /I ,
MF-14  /SF-6 ,
LLR-5,
LLR-0.5,
MU/RTIARC,
MU/PLC,
MU/DRRC/HL  /MU/DRRC ,
SF-6/HL,
MF-30  /IB ,
UT-40  /SF-15 ,
SF-6  /SF-4 ,
I  /IB ,
MF-30  /CC ,
MF-14/MH,
LLR-1  /NULL ,
MU/DRRC/HL,
OS  /SF-6 ,
SF-15  /SPD ,
SF-15  /LLR-1 ,
OS  /SF-15 ,
SF-15  /OS ,
CC  /MF-30  /NC ,
SF-6  /SF-15 ,
IC  /NULL ,
SF-15/MH  /NULL ,
PO/WUNP,
GO,
MF-30  /SF-9/HL ,
PO/HL,
AC  /CC ,
AC  /I ,
AC  /SF-15 ,
PO  /SF-15 ,
SPD  /NULL ,
MF-30  /PF ,
MF-30  /MF-14 ,
PUD  /NULL ,
GFSF  /SF-15 ,
MU/MSTC,
AC  /NC ,
MF-14/MH  /AC  /CC ,
MF-14/MH  /CC ,
MF-14/PL  /MF-30/PL ,
CC  /IB ,
MU/RLM,
SF-15  /PUD ,
MF-14/MH  /OS ,
SF-6  /LLR-2.5 ,
AC  /OS ,
SF-6  /PF ,
NC  /MF-30 ,
SF-9  /MF-14 ,
NC  /MF-14 ,
I  /IB  /OS ,
IB  /I ,
PF/PL,
MF-30/WUNP  /NULL ,
SF-6  /NC ,
MF-30  /NULL ,
MF-14  /AC ,
MF-30  /SPD ,
MF-14  /CC ,
SF-6 ,
CC  /MF-30  /MF-14 ,
PUD  /SF-9 ,
SF-9  /PUD ,
SF-15  /SF-6 ,
MF-14  /MF-21 ,
AC  /MF-14 ,
MF-14  /LLR-2.5 ,
MF-14  /MF-30 ,
MU/UNRC  /NULL ,
SF-6/WUNP  /NULL ,
OS  /SF-9 ,
SF-9  /OS ,
SF-15/WUNP,
PO/PL,
MF-30/PL/HL,
GO/PL,
SF-9  /SF-6  /MF-14 ,
MF-30  /MU/RTIARC ,
SF-6/PL  /SF-9/PL ,
SF-4  /MF-14 ,
GO  /PUD ,
AC  /LLR-1  /SF-6 ,
SF-15  /MF-30 ,
SF-4  /OS ,
OS  /SF-4 ,
MF-21/MH,
HDMF,
SF-9  /NULL ,
PUD  /AC ,
IC  /IB ,
RSIC,
MF-21  /NULL ,
CC ,
CC  /SF-6 ,
LDS  /GR ,
UT-10,
AC ,
AC  /UT-40 ,
MU/NVTC  /NULL ,
MU/W4TC  /MF-14 ,
AC/WUNP,
CB,
AC  /PO ,
AC  /MF-30 ,
AC  /LLR-1 ,
LLR-1  /AC ,
SF-6  /SF-15  /LLR-2.5 ,
MU/RRC  /NULL ,
AC  /NULL ,
IC  /UT-40 ,
IC  /AC ,
MF-21  /MF-14